{"resourceType":"CodeSystem","id":"PreferredAllowedReason","text":{"status":"generated","div":"<div xmlns=\"http://www.w3.org/1999/xhtml\"><p>This  code system <code>http://fhirfli.dev/fhir/ig/pythia/CodeSystem/PreferredAllowedReason</code> defines the following codes:</p><table class=\"codes\"><tr><td style=\"white-space:nowrap\"><b>Code</b></td><td><b>Display</b></td><td><b>Definition</b></td></tr><tr><td style=\"white-space:nowrap\">notAPreferableOrAllowableVaccine<a name=\"PreferredAllowedReason-notAPreferableOrAllowableVaccine\"> </a></td><td>Not a preferable or allowable vaccine</td><td>Not a preferable or allowable vaccine</td></tr><tr><td style=\"white-space:nowrap\">wrongTradeName<a name=\"PreferredAllowedReason-wrongTradeName\"> </a></td><td>Wrong trade name</td><td>Wrong trade name</td></tr><tr><td style=\"white-space:nowrap\">lessThanRecommendedVolume<a name=\"PreferredAllowedReason-lessThanRecommendedVolume\"> </a></td><td>Less than recommended volume</td><td>Less than recommended volume</td></tr><tr><td style=\"white-space:nowrap\">administeredOutsideOfPreferredAgeRange<a name=\"PreferredAllowedReason-administeredOutsideOfPreferredAgeRange\"> </a></td><td>Administered outside of preferred age range</td><td>Administered outside of preferred age range</td></tr><tr><td style=\"white-space:nowrap\">noPreferredTypes<a name=\"PreferredAllowedReason-noPreferredTypes\"> </a></td><td>No preferred types</td><td>No preferred types</td></tr><tr><td style=\"white-space:nowrap\">noAllowedTypes<a name=\"PreferredAllowedReason-noAllowedTypes\"> </a></td><td>No allowed types</td><td>No allowed types</td></tr></table></div>"},"url":"http://fhirfli.dev/fhir/ig/pythia/CodeSystem/PreferredAllowedReason","version":"0.1.0","name":"PreferredAllowedReasonCS","title":"Reasons why certain doses are Preferred or Allowed doses","status":"draft","date":"2024-05-06T15:25:10-04:00","publisher":"FHIR-FLI","contact":[{"name":"FHIR-FLI","telecom":[{"system":"url","value":"http://fhirfli.dev"}]}],"description":"Reasons why certain doses are Preferred or Allowed doses","content":"complete","count":6,"concept":[{"code":"notAPreferableOrAllowableVaccine","display":"Not a preferable or allowable vaccine","definition":"Not a preferable or allowable vaccine"},{"code":"wrongTradeName","display":"Wrong trade name","definition":"Wrong trade name"},{"code":"lessThanRecommendedVolume","display":"Less than recommended volume","definition":"Less than recommended volume"},{"code":"administeredOutsideOfPreferredAgeRange","display":"Administered outside of preferred age range","definition":"Administered outside of preferred age range"},{"code":"noPreferredTypes","display":"No preferred types","definition":"No preferred types"},{"code":"noAllowedTypes","display":"No allowed types","definition":"No allowed types"}]}