{"resourceType":"ValueSet","id":"preferred-allowed-reason","text":{"status":"extensions","div":"<div xmlns=\"http://www.w3.org/1999/xhtml\"><ul><li>Include these codes as defined in <a href=\"CodeSystem-PreferredAllowedReason.html\"><code>http://fhirfli.dev/fhir/ig/pythia/CodeSystem/PreferredAllowedReason</code></a><table class=\"none\"><tr><td style=\"white-space:nowrap\"><b>Code</b></td><td><b>Display</b></td><td><b>Definition</b></td></tr><tr><td><a href=\"CodeSystem-PreferredAllowedReason.html#PreferredAllowedReason-notAPreferableOrAllowableVaccine\">notAPreferableOrAllowableVaccine</a></td><td>Not a preferable or allowable vaccine</td><td>Not a preferable or allowable vaccine</td></tr><tr><td><a href=\"CodeSystem-PreferredAllowedReason.html#PreferredAllowedReason-wrongTradeName\">wrongTradeName</a></td><td>Wrong trade name</td><td>Wrong trade name</td></tr><tr><td><a href=\"CodeSystem-PreferredAllowedReason.html#PreferredAllowedReason-lessThanRecommendedVolume\">lessThanRecommendedVolume</a></td><td>Less than recommended volume</td><td>Less than recommended volume</td></tr><tr><td><a href=\"CodeSystem-PreferredAllowedReason.html#PreferredAllowedReason-administeredOutsideOfPreferredAgeRange\">administeredOutsideOfPreferredAgeRange</a></td><td>Administered outside of preferred age range</td><td>Administered outside of preferred age range</td></tr><tr><td><a href=\"CodeSystem-PreferredAllowedReason.html#PreferredAllowedReason-noPreferredTypes\">noPreferredTypes</a></td><td>No preferred types</td><td>No preferred types</td></tr><tr><td><a href=\"CodeSystem-PreferredAllowedReason.html#PreferredAllowedReason-noAllowedTypes\">noAllowedTypes</a></td><td>No allowed types</td><td>No allowed types</td></tr></table></li></ul></div>"},"url":"http://fhirfli.dev/fhir/ig/pythia/ValueSet/preferred-allowed-reason","version":"0.1.0","name":"PreferredAllowedReasonVS","title":"Reasons why certain doses are Preferred or Allowed doses","status":"draft","date":"2024-05-06T15:25:10-04:00","publisher":"FHIR-FLI","contact":[{"name":"FHIR-FLI","telecom":[{"system":"url","value":"http://fhirfli.dev"}]}],"description":"Reasons why certain doses are Preferred or Allowed doses","compose":{"include":[{"system":"http://fhirfli.dev/fhir/ig/pythia/CodeSystem/PreferredAllowedReason","concept":[{"code":"notAPreferableOrAllowableVaccine","display":"Not a preferable or allowable vaccine"},{"code":"wrongTradeName","display":"Wrong trade name"},{"code":"lessThanRecommendedVolume","display":"Less than recommended volume"},{"code":"administeredOutsideOfPreferredAgeRange","display":"Administered outside of preferred age range"},{"code":"noPreferredTypes","display":"No preferred types"},{"code":"noAllowedTypes","display":"No allowed types"}]}]}}