{"resourceType":"ValueSet","id":"vaccine-medication-codes-snomed","text":{"status":"generated","div":"<div xmlns=\"http://www.w3.org/1999/xhtml\"><p>This value set includes codes based on the following rules:</p><ul><li>Include codes from <a href=\"http://www.snomed.org/\"><code>http://snomed.info/sct</code></a> where concept  is-a  372763006 (Amantadine (substance))</li><li>Include codes from <a href=\"http://www.snomed.org/\"><code>http://snomed.info/sct</code></a> where concept  is-a  51361008 (Product containing amantadine (medicinal product))</li><li>Include codes from <a href=\"http://www.snomed.org/\"><code>http://snomed.info/sct</code></a> where concept  is-a  372532009 (Rimantadine (substance))</li><li>Include codes from <a href=\"http://www.snomed.org/\"><code>http://snomed.info/sct</code></a> where concept  is-a  108712009 (Product containing rimantadine (medicinal product))</li><li>Include codes from <a href=\"http://www.snomed.org/\"><code>http://snomed.info/sct</code></a> where concept  is-a  387010007 (Zanamivir (substance))</li><li>Include codes from <a href=\"http://www.snomed.org/\"><code>http://snomed.info/sct</code></a> where concept  is-a  116100000 (Product containing zanamivir (medicinal product))</li><li>Include codes from <a href=\"http://www.snomed.org/\"><code>http://snomed.info/sct</code></a> where concept  is-a  412261005 (Oseltamivir (substance))</li><li>Include codes from <a href=\"http://www.snomed.org/\"><code>http://snomed.info/sct</code></a> where concept  is-a  386142008 (Product containing oseltamivir (medicinal product))</li><li>Include codes from <a href=\"http://www.snomed.org/\"><code>http://snomed.info/sct</code></a> where concept  is-a  64520006 (Protamine sulfate)</li></ul></div>"},"url":"http://fhirfli.dev/fhir/ig/pythia/ValueSet/vaccine-medication-codes-snomed","version":"0.1.0","name":"VaccineMedicationCodesSnomed","title":"Medications","status":"draft","date":"2024-05-06T15:25:10-04:00","publisher":"FHIR-FLI","contact":[{"name":"FHIR-FLI","telecom":[{"system":"url","value":"http://fhirfli.dev"}]}],"description":"Value set for medications and substances based on SNOMED CT, including both active ingredients and marketed products.","compose":{"include":[{"system":"http://snomed.info/sct","filter":[{"property":"concept","op":"is-a","value":"372763006"}]},{"system":"http://snomed.info/sct","filter":[{"property":"concept","op":"is-a","value":"51361008"}]},{"system":"http://snomed.info/sct","filter":[{"property":"concept","op":"is-a","value":"372532009"}]},{"system":"http://snomed.info/sct","filter":[{"property":"concept","op":"is-a","value":"108712009"}]},{"system":"http://snomed.info/sct","filter":[{"property":"concept","op":"is-a","value":"387010007"}]},{"system":"http://snomed.info/sct","filter":[{"property":"concept","op":"is-a","value":"116100000"}]},{"system":"http://snomed.info/sct","filter":[{"property":"concept","op":"is-a","value":"412261005"}]},{"system":"http://snomed.info/sct","filter":[{"property":"concept","op":"is-a","value":"386142008"}]},{"system":"http://snomed.info/sct","filter":[{"property":"concept","op":"is-a","value":"64520006"}]}]}}