{"resourceType":"ValueSet","id":"procedures","text":{"status":"generated","div":"<div xmlns=\"http://www.w3.org/1999/xhtml\"><p>This value set includes codes based on the following rules:</p><ul><li>Include codes from <a href=\"http://www.snomed.org/\"><code>http://snomed.info/sct</code></a> where concept  is-a  234336002 (Hemopoietic stem cell transplant)</li><li>Include codes from <a href=\"http://www.snomed.org/\"><code>http://snomed.info/sct</code></a> where concept  is-a  359612003 (Implantation of cochlear prosthetic device)</li><li>Include codes from <a href=\"http://www.snomed.org/\"><code>http://snomed.info/sct</code></a> where concept  is-a  427314002 (Antiviral therapy (procedure))</li><li>Include codes from <a href=\"http://www.snomed.org/\"><code>http://snomed.info/sct</code></a> where concept  is-a  116859006 (Transfusion of blood product)</li><li>Include codes from <a href=\"http://www.snomed.org/\"><code>http://snomed.info/sct</code></a> where concept  is-a  13569004 (Transfusion of plasma)</li><li>Include codes from <a href=\"http://www.snomed.org/\"><code>http://snomed.info/sct</code></a> where concept  is-a  12719002 (Platelet transfusion)</li><li>Include codes from <a href=\"http://www.snomed.org/\"><code>http://snomed.info/sct</code></a> where concept  is-a  77465005 (Transplantation)</li><li>Include codes from <a href=\"http://www.snomed.org/\"><code>http://snomed.info/sct</code></a> where concept  is-a  313039003 (Solid organ transplant)</li><li>Include codes from <a href=\"http://www.snomed.org/\"><code>http://snomed.info/sct</code></a> where concept  is-a  86553008 (Immunosuppressive therapy)</li><li>Include codes from <a href=\"http://www.snomed.org/\"><code>http://snomed.info/sct</code></a> where concept  is-a  53438000 (Radiation therapy procedure or service)</li><li>Include codes from <a href=\"http://www.snomed.org/\"><code>http://snomed.info/sct</code></a> where concept  is-a  367336001 (Chemotherapy)</li><li>Include codes from <a href=\"http://www.snomed.org/\"><code>http://snomed.info/sct</code></a> where concept  is-a  1156961008 (Chimeric antigen receptor T-cell immunotherapy (procedure))</li></ul></div>"},"url":"http://fhirfli.dev/fhir/ig/pythia/ValueSet/procedures","version":"0.1.0","name":"ImmunizationProceduresSnomed","title":"Procedures","status":"draft","date":"2024-05-06T15:25:10-04:00","publisher":"FHIR-FLI","contact":[{"name":"FHIR-FLI","telecom":[{"system":"url","value":"http://fhirfli.dev"}]}],"description":"Comprehensive Value Set for medical procedures based on SNOMED CT codes.","compose":{"include":[{"system":"http://snomed.info/sct","filter":[{"property":"concept","op":"is-a","value":"234336002"}]},{"system":"http://snomed.info/sct","filter":[{"property":"concept","op":"is-a","value":"359612003"}]},{"system":"http://snomed.info/sct","filter":[{"property":"concept","op":"is-a","value":"427314002"}]},{"system":"http://snomed.info/sct","filter":[{"property":"concept","op":"is-a","value":"116859006"}]},{"system":"http://snomed.info/sct","filter":[{"property":"concept","op":"is-a","value":"13569004"}]},{"system":"http://snomed.info/sct","filter":[{"property":"concept","op":"is-a","value":"12719002"}]},{"system":"http://snomed.info/sct","filter":[{"property":"concept","op":"is-a","value":"77465005"}]},{"system":"http://snomed.info/sct","filter":[{"property":"concept","op":"is-a","value":"313039003"}]},{"system":"http://snomed.info/sct","filter":[{"property":"concept","op":"is-a","value":"86553008"}]},{"system":"http://snomed.info/sct","filter":[{"property":"concept","op":"is-a","value":"53438000"}]},{"system":"http://snomed.info/sct","filter":[{"property":"concept","op":"is-a","value":"367336001"}]},{"system":"http://snomed.info/sct","filter":[{"property":"concept","op":"is-a","value":"1156961008"}]}]}}