{"resourceType":"ValueSet","id":"vaccine-condition-codes-snomed","text":{"status":"generated","div":"<div xmlns=\"http://www.w3.org/1999/xhtml\"><p>This value set includes codes based on the following rules:</p><ul><li>Include codes from <a href=\"http://www.snomed.org/\"><code>http://snomed.info/sct</code></a> where concept  is-a  370388006 (Patient immunocompromised)</li><li>Include codes from <a href=\"http://www.snomed.org/\"><code>http://snomed.info/sct</code></a> where concept  is-a  50711007 (Viral hepatitis C)</li><li>Include codes from <a href=\"http://www.snomed.org/\"><code>http://snomed.info/sct</code></a> where concept  is-a  77386006 (Pregnancy)</li><li>Include codes from <a href=\"http://www.snomed.org/\"><code>http://snomed.info/sct</code></a> where concept  is-a  102874004 (Possible pregnancy)</li><li>Include codes from <a href=\"http://www.snomed.org/\"><code>http://snomed.info/sct</code></a> where concept  is-a  255409004 (Pregnant woman)</li><li>Include codes from <a href=\"http://www.snomed.org/\"><code>http://snomed.info/sct</code></a> where concept  is-a  413712001 (Breastfeeding (mother) (observable entity))</li><li>Include codes from <a href=\"http://www.snomed.org/\"><code>http://snomed.info/sct</code></a> where concept  is-a  230744007 (Cerebrospinal fluid leak)</li><li>Include codes from <a href=\"http://www.snomed.org/\"><code>http://snomed.info/sct</code></a> where concept  is-a  449840001 (Cochlear prosthesis in situ (finding))</li><li>Include codes from <a href=\"http://www.snomed.org/\"><code>http://snomed.info/sct</code></a> where concept  is-a  43252007 (Cochlear prosthesis)</li><li>Include codes from <a href=\"http://www.snomed.org/\"><code>http://snomed.info/sct</code></a> where concept  is-a  31323000 (Severe combined immunodeficiency disease)</li><li>Include codes from <a href=\"http://www.snomed.org/\"><code>http://snomed.info/sct</code></a> where concept  is-a  73211009 (Diabetes mellitus)</li><li>Include codes from <a href=\"http://www.snomed.org/\"><code>http://snomed.info/sct</code></a> where concept  is-a  328383001 (Chronic liver disease)</li><li>Include codes from <a href=\"http://www.snomed.org/\"><code>http://snomed.info/sct</code></a> where concept  is-a  19943007 (Cirrhosis of liver)</li><li>Include codes from <a href=\"http://www.snomed.org/\"><code>http://snomed.info/sct</code></a> where concept  is-a  128238001 (Chronic heart disorder)</li><li>Include codes from <a href=\"http://www.snomed.org/\"><code>http://snomed.info/sct</code></a> where concept  is-a  42343007 (Congestive heart failure)</li><li>Include codes from <a href=\"http://www.snomed.org/\"><code>http://snomed.info/sct</code></a> where concept  is-a  57809008 (Myocardial disease)</li><li>Include codes from <a href=\"http://www.snomed.org/\"><code>http://snomed.info/sct</code></a> where concept  is-a  12770006 (Cyanotic congenital heart disease)</li><li>Include codes from <a href=\"http://www.snomed.org/\"><code>http://snomed.info/sct</code></a> where concept  is-a  413839001 (Chronic lung disease (disorder))</li><li>Include codes from <a href=\"http://www.snomed.org/\"><code>http://snomed.info/sct</code></a> where concept  is-a  13645005 (Chronic obstructive lung disease)</li><li>Include codes from <a href=\"http://www.snomed.org/\"><code>http://snomed.info/sct</code></a> where concept  is-a  87433001 (Pulmonary emphysema)</li><li>Include codes from <a href=\"http://www.snomed.org/\"><code>http://snomed.info/sct</code></a> where concept  is-a  278971009 (Hepatitis A immune)</li><li>Include codes from <a href=\"http://www.snomed.org/\"><code>http://snomed.info/sct</code></a> where concept  is-a  271511000 (Hepatitis B immune)</li><li>Include codes from <a href=\"http://www.snomed.org/\"><code>http://snomed.info/sct</code></a> where concept  is-a  371111005 (Measles immune (finding))</li><li>Include codes from <a href=\"http://www.snomed.org/\"><code>http://snomed.info/sct</code></a> where concept  is-a  371112003 (Mumps immune (finding))</li><li>Include codes from <a href=\"http://www.snomed.org/\"><code>http://snomed.info/sct</code></a> where concept  is-a  278968001 (Rubella immune)</li><li>Include codes from <a href=\"http://www.snomed.org/\"><code>http://snomed.info/sct</code></a> where concept  is-a  371113008 (Varicella immune (finding))</li><li>Include codes from <a href=\"http://www.snomed.org/\"><code>http://snomed.info/sct</code></a> where concept  is-a  38907003 (Varicella)</li><li>Include codes from <a href=\"http://www.snomed.org/\"><code>http://snomed.info/sct</code></a> where concept  is-a  4740000 (Herpes zoster)</li><li>Include codes from <a href=\"http://www.snomed.org/\"><code>http://snomed.info/sct</code></a> where concept  is-a  86406008 (Human immunodeficiency virus infection)</li><li>Include codes from <a href=\"http://www.snomed.org/\"><code>http://snomed.info/sct</code></a> where concept  is-a  390798007 (Asthma finding (finding))</li><li>Include codes from <a href=\"http://www.snomed.org/\"><code>http://snomed.info/sct</code></a> where concept  is-a  195967001 (Airway hyperreactivity)</li><li>Include codes from <a href=\"http://www.snomed.org/\"><code>http://snomed.info/sct</code></a> where concept  is-a  35327006 (Intussusception)</li><li>Include codes from <a href=\"http://www.snomed.org/\"><code>http://snomed.info/sct</code></a> where concept  is-a  49723003 (Intussusception of intestine)</li><li>Include codes from <a href=\"http://www.snomed.org/\"><code>http://snomed.info/sct</code></a> where concept  is-a  69776003 (Acute gastroenteritis)</li><li>Include codes from <a href=\"http://www.snomed.org/\"><code>http://snomed.info/sct</code></a> where concept  is-a  56717001 (Tuberculosis)</li><li>Include codes from <a href=\"http://www.snomed.org/\"><code>http://snomed.info/sct</code></a> where concept  is-a  405742008 (Aspirin therapy finding (finding))</li><li>Include codes from <a href=\"http://www.snomed.org/\"><code>http://snomed.info/sct</code></a> where concept  is-a  76102007 (Male homosexual)</li><li>Include codes from <a href=\"http://www.snomed.org/\"><code>http://snomed.info/sct</code></a> where concept  is-a  225531006 (Homosexual behavior)</li><li>Include codes from <a href=\"http://www.snomed.org/\"><code>http://snomed.info/sct</code></a> where concept  is-a  225516002 (Multiple sexual contacts)</li><li>Include codes from <a href=\"http://www.snomed.org/\"><code>http://snomed.info/sct</code></a> where concept  is-a  228460004 (Multiple current sexual partners)</li><li>Include codes from <a href=\"http://www.snomed.org/\"><code>http://snomed.info/sct</code></a> where concept  is-a  228466005 (Commitment to sexual relationship)</li><li>Include codes from <a href=\"http://www.snomed.org/\"><code>http://snomed.info/sct</code></a> where concept  is-a  225517006 (Sexual partners)</li><li>Include codes from <a href=\"http://www.snomed.org/\"><code>http://snomed.info/sct</code></a> where concept  is-a  11723008 (Contact with)</li><li>Include codes from <a href=\"http://www.snomed.org/\"><code>http://snomed.info/sct</code></a> where concept  is-a  165806002 (Hepatitis B surface antigen positive)</li><li>Include codes from <a href=\"http://www.snomed.org/\"><code>http://snomed.info/sct</code></a> where concept  is-a  305489005 (Under care of GU medicine physician)</li><li>Include codes from <a href=\"http://www.snomed.org/\"><code>http://snomed.info/sct</code></a> where concept  is-a  305679000 (Seen by genitourinary medicine physician)</li><li>Include codes from <a href=\"http://www.snomed.org/\"><code>http://snomed.info/sct</code></a> where concept  is-a  8098009 (Sexually transmitted infectious disease)</li><li>Include codes from <a href=\"http://www.snomed.org/\"><code>http://snomed.info/sct</code></a> where concept  is-a  307052004 (Illicit drug use)</li><li>Include codes from <a href=\"http://www.snomed.org/\"><code>http://snomed.info/sct</code></a> where concept  is-a  228366006 (Drug abuse behaviour)</li><li>Include codes from <a href=\"http://www.snomed.org/\"><code>http://snomed.info/sct</code></a> where concept  is-a  226034001 (Injecting drug user)</li><li>Include codes from <a href=\"http://www.snomed.org/\"><code>http://snomed.info/sct</code></a> where concept  is-a  228388006 (Injects drugs intravenously)</li><li>Include codes from <a href=\"http://www.snomed.org/\"><code>http://snomed.info/sct</code></a> where concept  is-a  145101000119102 (Intravenous cocaine abuse)</li><li>Include codes from <a href=\"http://www.snomed.org/\"><code>http://snomed.info/sct</code></a> where concept  is-a  403746009 (Skin lesion due to intravenous drug abuse (disorder))</li><li>Include codes from <a href=\"http://www.snomed.org/\"><code>http://snomed.info/sct</code></a> where concept  is-a  860699005 (Deep vein thrombosis of lower limb due to intravenous drug use)</li><li>Include codes from <a href=\"http://www.snomed.org/\"><code>http://snomed.info/sct</code></a> where concept  is-a  77176002 (Smoker)</li><li>Include codes from <a href=\"http://www.snomed.org/\"><code>http://snomed.info/sct</code></a> where concept  is-a  228281002 (Alcoholic)</li><li>Include codes from <a href=\"http://www.snomed.org/\"><code>http://snomed.info/sct</code></a> where concept  is-a  7200002 (Alcoholism)</li><li>Include codes from <a href=\"http://www.snomed.org/\"><code>http://snomed.info/sct</code></a> where concept  is-a  159138004 (Microbiologist)</li><li>Include codes from <a href=\"http://www.snomed.org/\"><code>http://snomed.info/sct</code></a> where concept  is-a  14698002 (Medical microbiologist)</li><li>Include codes from <a href=\"http://www.snomed.org/\"><code>http://snomed.info/sct</code></a> where concept  is-a  24932003 (Exposure to)</li><li>Include codes from <a href=\"http://www.snomed.org/\"><code>http://snomed.info/sct</code></a> where concept  is-a  17872004 (Neisseria meningitidis)</li><li>Include codes from <a href=\"http://www.snomed.org/\"><code>http://snomed.info/sct</code></a> where concept  is-a  159138004 (Microbiologist)</li><li>Include codes from <a href=\"http://www.snomed.org/\"><code>http://snomed.info/sct</code></a> where concept  is-a  14698002 (Medical microbiologist)</li><li>Include codes from <a href=\"http://www.snomed.org/\"><code>http://snomed.info/sct</code></a> where concept  is-a  159282002 (Laboratory technician)</li><li>Include codes from <a href=\"http://www.snomed.org/\"><code>http://snomed.info/sct</code></a> where concept  is-a  24932003 (Exposure to)</li><li>Include codes from <a href=\"http://www.snomed.org/\"><code>http://snomed.info/sct</code></a> where concept  is-a  5595000 (Eberthella typhi)</li><li>Include codes from <a href=\"http://www.snomed.org/\"><code>http://snomed.info/sct</code></a> where concept  is-a  159282002 (Laboratory technician)</li><li>Include codes from <a href=\"http://www.snomed.org/\"><code>http://snomed.info/sct</code></a> where concept  is-a  24932003 (Exposure to)</li><li>Include codes from <a href=\"http://www.snomed.org/\"><code>http://snomed.info/sct</code></a> where concept  is-a  26630006 (Yellow fever virus)</li><li>Include codes from <a href=\"http://www.snomed.org/\"><code>http://snomed.info/sct</code></a> where concept  is-a  159282002 (Laboratory technician)</li><li>Include codes from <a href=\"http://www.snomed.org/\"><code>http://snomed.info/sct</code></a> where concept  is-a  24932003 (Exposure to)</li><li>Include codes from <a href=\"http://www.snomed.org/\"><code>http://snomed.info/sct</code></a> where concept  is-a  59881000 (Rabies virus)</li><li>Include codes from <a href=\"http://www.snomed.org/\"><code>http://snomed.info/sct</code></a> where concept  is-a  159282002 (Laboratory technician)</li><li>Include codes from <a href=\"http://www.snomed.org/\"><code>http://snomed.info/sct</code></a> where concept  is-a  24932003 (Exposure to)</li><li>Include codes from <a href=\"http://www.snomed.org/\"><code>http://snomed.info/sct</code></a> where concept  is-a  44172002 (Human poliovirus)</li><li>Include codes from <a href=\"http://www.snomed.org/\"><code>http://snomed.info/sct</code></a> where concept  is-a  223366009 (Healthcare professional)</li><li>Include codes from <a href=\"http://www.snomed.org/\"><code>http://snomed.info/sct</code></a> where concept  is-a  223366009 (Healthcare professional)</li><li>Include codes from <a href=\"http://www.snomed.org/\"><code>http://snomed.info/sct</code></a> where concept  is-a  24932003 (Exposure to)</li><li>Include codes from <a href=\"http://www.snomed.org/\"><code>http://snomed.info/sct</code></a> where concept  is-a  44172002 (Human poliovirus)</li><li>Include codes from <a href=\"http://www.snomed.org/\"><code>http://snomed.info/sct</code></a> where concept  is-a  26369006 (Public health nurse)</li><li>Include codes from <a href=\"http://www.snomed.org/\"><code>http://snomed.info/sct</code></a> where concept  is-a  68867008 (Public health dentist)</li><li>Include codes from <a href=\"http://www.snomed.org/\"><code>http://snomed.info/sct</code></a> where concept  is-a  307969004 (Public health officer)</li><li>Include codes from <a href=\"http://www.snomed.org/\"><code>http://snomed.info/sct</code></a> where concept  is-a  56466003 (Public health physician)</li><li>Include codes from <a href=\"http://www.snomed.org/\"><code>http://snomed.info/sct</code></a> where concept  is-a  56079002 (Public health veterinarian)</li><li>Include codes from <a href=\"http://www.snomed.org/\"><code>http://snomed.info/sct</code></a> where concept  is-a  60008001 (Public health nutritionist)</li><li>Include codes from <a href=\"http://www.snomed.org/\"><code>http://snomed.info/sct</code></a> where concept  is-a  24932003 (Exposure to)</li><li>Include codes from <a href=\"http://www.snomed.org/\"><code>http://snomed.info/sct</code></a> where concept  is-a  87612001 (Blood)</li><li>Include codes from <a href=\"http://www.snomed.org/\"><code>http://snomed.info/sct</code></a> where concept  is-a  32457005 (Body fluid)</li><li>Include codes from <a href=\"http://www.snomed.org/\"><code>http://snomed.info/sct</code></a> where concept  is-a  223366009 (Healthcare professional)</li><li>Include codes from <a href=\"http://www.snomed.org/\"><code>http://snomed.info/sct</code></a> where concept  is-a  158942005 (Residential child care worker)</li><li>Include codes from <a href=\"http://www.snomed.org/\"><code>http://snomed.info/sct</code></a> where concept  is-a  158939004 (Child care officer)</li><li>Include codes from <a href=\"http://www.snomed.org/\"><code>http://snomed.info/sct</code></a> where concept  is-a  73851001 (Plumber (general))</li><li>Include codes from <a href=\"http://www.snomed.org/\"><code>http://snomed.info/sct</code></a> where concept  is-a  160157004 (Sewerman)</li><li>Include codes from <a href=\"http://www.snomed.org/\"><code>http://snomed.info/sct</code></a> where concept  is-a  266006009 (Food and drink processor)</li><li>Include codes from <a href=\"http://www.snomed.org/\"><code>http://snomed.info/sct</code></a> where concept  is-a  274272004 (Catering services occupation)</li><li>Include codes from <a href=\"http://www.snomed.org/\"><code>http://snomed.info/sct</code></a> where concept  is-a  160133004 (Packer - food/garden produce)</li><li>Include codes from <a href=\"http://www.snomed.org/\"><code>http://snomed.info/sct</code></a> where concept  is-a  265940000 (Animal health occupation (occupation))</li><li>Include codes from <a href=\"http://www.snomed.org/\"><code>http://snomed.info/sct</code></a> where concept  is-a  159091009 (Trainer - performing animals)</li><li>Include codes from <a href=\"http://www.snomed.org/\"><code>http://snomed.info/sct</code></a> where concept  is-a  24932003 (Exposure to)</li><li>Include codes from <a href=\"http://www.snomed.org/\"><code>http://snomed.info/sct</code></a> where concept  is-a  59881000 (Rabies virus)</li><li>Include codes from <a href=\"http://www.snomed.org/\"><code>http://snomed.info/sct</code></a> where concept  is-a  65853000 (Student)</li><li>Include codes from <a href=\"http://www.snomed.org/\"><code>http://snomed.info/sct</code></a> where concept  is-a  257561002 (Further education establishment)</li><li>Include codes from <a href=\"http://www.snomed.org/\"><code>http://snomed.info/sct</code></a> where concept  is-a  90688005 (Chronic renal failure syndrome)</li><li>Include codes from <a href=\"http://www.snomed.org/\"><code>http://snomed.info/sct</code></a> where concept  is-a  20078004 (Substance abuse treatment center)</li><li>Include codes from <a href=\"http://www.snomed.org/\"><code>http://snomed.info/sct</code></a> where concept  is-a  257656006 (Penal institution)</li><li>Include codes from <a href=\"http://www.snomed.org/\"><code>http://snomed.info/sct</code></a> where concept  is-a  410519009 (At risk context (qualifier value))</li><li>Include codes from <a href=\"http://www.snomed.org/\"><code>http://snomed.info/sct</code></a> where concept  is-a  443684005 (Disease outbreak (event))</li><li>Include codes from <a href=\"http://www.snomed.org/\"><code>http://snomed.info/sct</code></a> where concept  is-a  11723008 (Contact with)</li><li>Include codes from <a href=\"http://www.snomed.org/\"><code>http://snomed.info/sct</code></a> where concept  is-a  165806002 (Hepatitis B surface antigen positive)</li><li>Include codes from <a href=\"http://www.snomed.org/\"><code>http://snomed.info/sct</code></a> where concept  is-a  170484009 (Typhoid carrier)</li><li>Include codes from <a href=\"http://www.snomed.org/\"><code>http://snomed.info/sct</code></a> where concept  is-a  12271241000119109 (Transgender identity (finding))</li><li>Include codes from <a href=\"http://www.snomed.org/\"><code>http://snomed.info/sct</code></a> where concept  is-a  84757009 (Epilepsy)</li><li>Include codes from <a href=\"http://www.snomed.org/\"><code>http://snomed.info/sct</code></a> where concept  is-a  192711008 (Post diphtheria vaccination encephalitis)</li><li>Include codes from <a href=\"http://www.snomed.org/\"><code>http://snomed.info/sct</code></a> where concept  is-a  192710009 (Post tetanus vaccination encephalitis)</li><li>Include codes from <a href=\"http://www.snomed.org/\"><code>http://snomed.info/sct</code></a> where concept  is-a  192712001 (Post pertussis vaccination encephalitis)</li><li>Include codes from <a href=\"http://www.snomed.org/\"><code>http://snomed.info/sct</code></a> where concept  is-a  293104008 (Adverse reaction to immunization)</li><li>Include codes from <a href=\"http://www.snomed.org/\"><code>http://snomed.info/sct</code></a> where concept  is-a  293117006 (Poliomyelitis vaccine adverse reaction)</li><li>Include codes from <a href=\"http://www.snomed.org/\"><code>http://snomed.info/sct</code></a> where concept  is-a  451301000124103</li><li>Include codes from <a href=\"http://www.snomed.org/\"><code>http://snomed.info/sct</code></a> where concept  is-a  429301000124101</li><li>Include codes from <a href=\"http://www.snomed.org/\"><code>http://snomed.info/sct</code></a> where concept  is-a  293122006 (Typhoid vaccine adverse reaction)</li><li>Include codes from <a href=\"http://www.snomed.org/\"><code>http://snomed.info/sct</code></a> where concept  is-a  420113004 (Influenza virus vaccine adverse reaction)</li><li>Include codes from <a href=\"http://www.snomed.org/\"><code>http://snomed.info/sct</code></a> where concept  is-a  293115003 (Pertussis vaccine adverse reaction)</li><li>Include codes from <a href=\"http://www.snomed.org/\"><code>http://snomed.info/sct</code></a> where concept  is-a  219085007 (Adverse reaction to diphtheria vaccine)</li><li>Include codes from <a href=\"http://www.snomed.org/\"><code>http://snomed.info/sct</code></a> where concept  is-a  219084006 (Adverse reaction to tetanus vaccine)</li><li>Include codes from <a href=\"http://www.snomed.org/\"><code>http://snomed.info/sct</code></a> where concept  is-a  451331000124106</li><li>Include codes from <a href=\"http://www.snomed.org/\"><code>http://snomed.info/sct</code></a> where concept  is-a  429311000124103</li><li>Include codes from <a href=\"http://www.snomed.org/\"><code>http://snomed.info/sct</code></a> where concept  is-a  219096004 (Adverse reaction to measles vaccine)</li><li>Include codes from <a href=\"http://www.snomed.org/\"><code>http://snomed.info/sct</code></a> where concept  is-a  293114004 (Mumps vaccine adverse reaction)</li><li>Include codes from <a href=\"http://www.snomed.org/\"><code>http://snomed.info/sct</code></a> where concept  is-a  293119009 (Rubella vaccine adverse reaction)</li><li>Include codes from <a href=\"http://www.snomed.org/\"><code>http://snomed.info/sct</code></a> where concept  is-a  293116002 (Pneumococcal vaccine adverse reaction)</li><li>Include codes from <a href=\"http://www.snomed.org/\"><code>http://snomed.info/sct</code></a> where concept  is-a  2219088009</li><li>Include codes from <a href=\"http://www.snomed.org/\"><code>http://snomed.info/sct</code></a> where concept  is-a  451111000124103</li><li>Include codes from <a href=\"http://www.snomed.org/\"><code>http://snomed.info/sct</code></a> where concept  is-a  293126009 (Hepatitis A vaccine adverse reaction)</li><li>Include codes from <a href=\"http://www.snomed.org/\"><code>http://snomed.info/sct</code></a> where concept  is-a  293110008 (Hepatitis B vaccine adverse reaction)</li><li>Include codes from <a href=\"http://www.snomed.org/\"><code>http://snomed.info/sct</code></a> where concept  is-a  293127000 (Adverse reaction to component of vaccine product containing Haemophilus influenzae type b antigen (disorder))</li><li>Include codes from <a href=\"http://www.snomed.org/\"><code>http://snomed.info/sct</code></a> where concept  is-a  219095000 (Adverse reaction to yellow fever vaccine)</li><li>Include codes from <a href=\"http://www.snomed.org/\"><code>http://snomed.info/sct</code></a> where concept  is-a  451291000124104</li><li>Include codes from <a href=\"http://www.snomed.org/\"><code>http://snomed.info/sct</code></a> where concept  is-a  213020009 (Egg protein allergy)</li><li>Include codes from <a href=\"http://www.snomed.org/\"><code>http://snomed.info/sct</code></a> where concept  is-a  91930004 (Allergy to eggs)</li><li>Include codes from <a href=\"http://www.snomed.org/\"><code>http://snomed.info/sct</code></a> where concept  is-a  293309006 (Gelatin adverse reaction)</li><li>Include codes from <a href=\"http://www.snomed.org/\"><code>http://snomed.info/sct</code></a> where concept  is-a  294847001 (Gelatin allergy)</li><li>Include codes from <a href=\"http://www.snomed.org/\"><code>http://snomed.info/sct</code></a> where concept  is-a  300916003 (Latex allergy)</li><li>Include codes from <a href=\"http://www.snomed.org/\"><code>http://snomed.info/sct</code></a> where concept  is-a  441593005 (Anaphylaxis due to latex)</li><li>Include codes from <a href=\"http://www.snomed.org/\"><code>http://snomed.info/sct</code></a> where concept  is-a  419522004 (Gentamicin sensitivity (finding))</li><li>Include codes from <a href=\"http://www.snomed.org/\"><code>http://snomed.info/sct</code></a> where concept  is-a  420094007 (Gentamicin adverse reaction (disorder))</li><li>Include codes from <a href=\"http://www.snomed.org/\"><code>http://snomed.info/sct</code></a> where concept  is-a  294469003 (Gentamicin allergy)</li><li>Include codes from <a href=\"http://www.snomed.org/\"><code>http://snomed.info/sct</code></a> where concept  is-a  294468006 (Neomycin allergy)</li><li>Include codes from <a href=\"http://www.snomed.org/\"><code>http://snomed.info/sct</code></a> where concept  is-a  292927007 (Neomycin adverse reaction)</li><li>Include codes from <a href=\"http://www.snomed.org/\"><code>http://snomed.info/sct</code></a> where concept  is-a  294466005 (Streptomycin allergy)</li><li>Include codes from <a href=\"http://www.snomed.org/\"><code>http://snomed.info/sct</code></a> where concept  is-a  292925004 (Streptomycin adverse reaction)</li><li>Include codes from <a href=\"http://www.snomed.org/\"><code>http://snomed.info/sct</code></a> where concept  is-a  294530006 (Polymyxin B allergy)</li><li>Include codes from <a href=\"http://www.snomed.org/\"><code>http://snomed.info/sct</code></a> where concept  is-a  292992006 (Polymyxin B adverse reaction)</li><li>Include codes from <a href=\"http://www.snomed.org/\"><code>http://snomed.info/sct</code></a> where concept  is-a  703936006 (Yeast allergy)</li><li>Include codes from <a href=\"http://www.snomed.org/\"><code>http://snomed.info/sct</code></a> where concept  is-a  293118001 (Rabies vaccine adverse reaction)</li><li>Include codes from <a href=\"http://www.snomed.org/\"><code>http://snomed.info/sct</code></a> where concept  is-a  46177005 (End stage kidney disease)</li><li>Include codes from <a href=\"http://www.snomed.org/\"><code>http://snomed.info/sct</code></a> where concept  is-a  294278007 (Protamine allergy)</li><li>Include codes from <a href=\"http://www.snomed.org/\"><code>http://snomed.info/sct</code></a> where concept  is-a  451281000124102</li><li>Include codes from <a href=\"http://www.snomed.org/\"><code>http://snomed.info/sct</code></a> where concept  is-a  219082005 (Adverse reaction to cholera vaccine)</li><li>Include codes from <a href=\"http://www.snomed.org/\"><code>http://snomed.info/sct</code></a> where concept  is-a  32911000 (Homeless)</li><li>Include codes from <a href=\"http://www.snomed.org/\"><code>http://snomed.info/sct</code></a> where concept  is-a  65880007 (X-linked agammaglobulinemia)</li><li>Include codes from <a href=\"http://www.snomed.org/\"><code>http://snomed.info/sct</code></a> where concept  is-a  23238000 (Common variable agammaglobulinemia)</li><li>Include codes from <a href=\"http://www.snomed.org/\"><code>http://snomed.info/sct</code></a> where concept  is-a  190979003 (Selective IgA immunodeficiency)</li><li>Include codes from <a href=\"http://www.snomed.org/\"><code>http://snomed.info/sct</code></a> where concept  is-a  123785006 (Immunoglobin G subclass deficiency)</li><li>Include codes from <a href=\"http://www.snomed.org/\"><code>http://snomed.info/sct</code></a> where concept  is-a  31323000 (Severe combined immunodeficiency disease)</li><li>Include codes from <a href=\"http://www.snomed.org/\"><code>http://snomed.info/sct</code></a> where concept  is-a  77128003 (DiGeorge sequence)</li><li>Include codes from <a href=\"http://www.snomed.org/\"><code>http://snomed.info/sct</code></a> where concept  is-a  77128003 (DiGeorge sequence)</li><li>Include codes from <a href=\"http://www.snomed.org/\"><code>http://snomed.info/sct</code></a> where concept  is-a  36070007 (Wiskott-Aldrich syndrome)</li><li>Include codes from <a href=\"http://www.snomed.org/\"><code>http://snomed.info/sct</code></a> where concept  is-a  68504005 (Ataxia-telangiectasia syndrome)</li><li>Include codes from <a href=\"http://www.snomed.org/\"><code>http://snomed.info/sct</code></a> where concept  is-a  24743004 (Complement deficiency disease)</li><li>Include codes from <a href=\"http://www.snomed.org/\"><code>http://snomed.info/sct</code></a> where concept  is-a  24743004 (Complement deficiency disease)</li><li>Include codes from <a href=\"http://www.snomed.org/\"><code>http://snomed.info/sct</code></a> where concept  is-a  81166004 (Properdin deficiency disease)</li><li>Include codes from <a href=\"http://www.snomed.org/\"><code>http://snomed.info/sct</code></a> where concept  is-a  234605000 (Factor B deficiency)</li><li>Include codes from <a href=\"http://www.snomed.org/\"><code>http://snomed.info/sct</code></a> where concept  is-a  387759001 (Chronic granulomatous disease (disorder))</li><li>Include codes from <a href=\"http://www.snomed.org/\"><code>http://snomed.info/sct</code></a> where concept  is-a  77358003 (Congenital leukocyte adherence deficiency)</li><li>Include codes from <a href=\"http://www.snomed.org/\"><code>http://snomed.info/sct</code></a> where concept  is-a  234433009 (Myeloperoxidase deficiency)</li><li>Include codes from <a href=\"http://www.snomed.org/\"><code>http://snomed.info/sct</code></a> where concept  is-a  62479008 (AIDS)</li><li>Include codes from <a href=\"http://www.snomed.org/\"><code>http://snomed.info/sct</code></a> where concept  is-a  62479008 (AIDS)</li><li>Include codes from <a href=\"http://www.snomed.org/\"><code>http://snomed.info/sct</code></a> where concept  is-a  707147002 (Asplenia (disorder))</li><li>Include codes from <a href=\"http://www.snomed.org/\"><code>http://snomed.info/sct</code></a> where concept  is-a  709044004 (Chronic kidney disease)</li><li>Include codes from <a href=\"http://www.snomed.org/\"><code>http://snomed.info/sct</code></a> where concept  is-a  52254009 (Nephrotic syndrome)</li><li>Include codes from <a href=\"http://www.snomed.org/\"><code>http://snomed.info/sct</code></a> where concept  is-a  213017001 (Sexual abuse)</li><li>Include codes from <a href=\"http://www.snomed.org/\"><code>http://snomed.info/sct</code></a> where concept  is-a  422608009 (Sexual assault (finding))</li><li>Include codes from <a href=\"http://www.snomed.org/\"><code>http://snomed.info/sct</code></a> where concept  is-a  248110007 (Sexual assault)</li><li>Include codes from <a href=\"http://www.snomed.org/\"><code>http://snomed.info/sct</code></a> where concept  is-a  248986005 (Estimated date of conception)</li><li>Include codes from <a href=\"http://www.snomed.org/\"><code>http://snomed.info/sct</code></a> where concept  is-a  451291000124104</li><li>Include codes from <a href=\"http://www.snomed.org/\"><code>http://snomed.info/sct</code></a> where concept  is-a  93143009 (Leukaemia)</li><li>Include codes from <a href=\"http://www.snomed.org/\"><code>http://snomed.info/sct</code></a> where concept  is-a  399600009 (Lymphoma finding (finding))</li><li>Include codes from <a href=\"http://www.snomed.org/\"><code>http://snomed.info/sct</code></a> where concept  is-a  118599009 (Hodgkin's disease (clinical))</li><li>Include codes from <a href=\"http://www.snomed.org/\"><code>http://snomed.info/sct</code></a> where concept  is-a  109989006 (Multiple myeloma (clinical))</li><li>Include codes from <a href=\"http://www.snomed.org/\"><code>http://snomed.info/sct</code></a> where concept  is-a  86406008 (Human immunodeficiency virus infection)</li><li>Include codes from <a href=\"http://www.snomed.org/\"><code>http://snomed.info/sct</code></a> where concept  is-a  363346000 (Malignant tumour)</li><li>Include codes from <a href=\"http://www.snomed.org/\"><code>http://snomed.info/sct</code></a> where concept  is-a  233703007 (Interstitial lung disease)</li><li>Include codes from <a href=\"http://www.snomed.org/\"><code>http://snomed.info/sct</code></a> where concept  is-a  190905008 (Cystic fibrosis)</li><li>Include codes from <a href=\"http://www.snomed.org/\"><code>http://snomed.info/sct</code></a> where concept  is-a  70995007 (Pulmonary hypertension)</li><li>Include codes from <a href=\"http://www.snomed.org/\"><code>http://snomed.info/sct</code></a> where concept  is-a  52448006 (Dementia)</li><li>Include codes from <a href=\"http://www.snomed.org/\"><code>http://snomed.info/sct</code></a> where concept  is-a  41040004 (Complete trisomy 21 syndrome)</li><li>Include codes from <a href=\"http://www.snomed.org/\"><code>http://snomed.info/sct</code></a> where concept  is-a  40108008 (Thalassemia)</li><li>Include codes from <a href=\"http://www.snomed.org/\"><code>http://snomed.info/sct</code></a> where concept  is-a  62914000 (Cerebrovascular disease)</li><li>Include codes from <a href=\"http://www.snomed.org/\"><code>http://snomed.info/sct</code></a> where concept  is-a  13645005 (Chronic obstructive lung disease)</li><li>Include codes from <a href=\"http://www.snomed.org/\"><code>http://snomed.info/sct</code></a> where concept  is-a  87433001 (Pulmonary emphysema)</li><li>Include codes from <a href=\"http://www.snomed.org/\"><code>http://snomed.info/sct</code></a> where concept  is-a  413490006 (American Indian or Alaska native (racial group))</li></ul></div>"},"url":"http://fhirfli.dev/fhir/ig/pythia/ValueSet/vaccine-condition-codes-snomed","version":"0.1.0","name":"VaccineConditionCodesSnomed","title":"Vaccine Condition Codes","status":"draft","date":"2024-05-06T15:25:10-04:00","publisher":"FHIR-FLI","contact":[{"name":"FHIR-FLI","telecom":[{"system":"url","value":"http://fhirfli.dev"}]}],"description":"Value set for conditions based on SNOMED CT, that may impact immunization.","compose":{"include":[{"system":"http://snomed.info/sct","filter":[{"property":"concept","op":"is-a","value":"370388006"}]},{"system":"http://snomed.info/sct","filter":[{"property":"concept","op":"is-a","value":"50711007"}]},{"system":"http://snomed.info/sct","filter":[{"property":"concept","op":"is-a","value":"77386006"}]},{"system":"http://snomed.info/sct","filter":[{"property":"concept","op":"is-a","value":"102874004"}]},{"system":"http://snomed.info/sct","filter":[{"property":"concept","op":"is-a","value":"255409004"}]},{"system":"http://snomed.info/sct","filter":[{"property":"concept","op":"is-a","value":"413712001"}]},{"system":"http://snomed.info/sct","filter":[{"property":"concept","op":"is-a","value":"230744007"}]},{"system":"http://snomed.info/sct","filter":[{"property":"concept","op":"is-a","value":"449840001"}]},{"system":"http://snomed.info/sct","filter":[{"property":"concept","op":"is-a","value":"43252007"}]},{"system":"http://snomed.info/sct","filter":[{"property":"concept","op":"is-a","value":"31323000"}]},{"system":"http://snomed.info/sct","filter":[{"property":"concept","op":"is-a","value":"73211009"}]},{"system":"http://snomed.info/sct","filter":[{"property":"concept","op":"is-a","value":"328383001"}]},{"system":"http://snomed.info/sct","filter":[{"property":"concept","op":"is-a","value":"19943007"}]},{"system":"http://snomed.info/sct","filter":[{"property":"concept","op":"is-a","value":"128238001"}]},{"system":"http://snomed.info/sct","filter":[{"property":"concept","op":"is-a","value":"42343007"}]},{"system":"http://snomed.info/sct","filter":[{"property":"concept","op":"is-a","value":"57809008"}]},{"system":"http://snomed.info/sct","filter":[{"property":"concept","op":"is-a","value":"12770006"}]},{"system":"http://snomed.info/sct","filter":[{"property":"concept","op":"is-a","value":"413839001"}]},{"system":"http://snomed.info/sct","filter":[{"property":"concept","op":"is-a","value":"13645005"}]},{"system":"http://snomed.info/sct","filter":[{"property":"concept","op":"is-a","value":"87433001"}]},{"system":"http://snomed.info/sct","filter":[{"property":"concept","op":"is-a","value":"278971009"}]},{"system":"http://snomed.info/sct","filter":[{"property":"concept","op":"is-a","value":"271511000"}]},{"system":"http://snomed.info/sct","filter":[{"property":"concept","op":"is-a","value":"371111005"}]},{"system":"http://snomed.info/sct","filter":[{"property":"concept","op":"is-a","value":"371112003"}]},{"system":"http://snomed.info/sct","filter":[{"property":"concept","op":"is-a","value":"278968001"}]},{"system":"http://snomed.info/sct","filter":[{"property":"concept","op":"is-a","value":"371113008"}]},{"system":"http://snomed.info/sct","filter":[{"property":"concept","op":"is-a","value":"38907003"}]},{"system":"http://snomed.info/sct","filter":[{"property":"concept","op":"is-a","value":"4740000"}]},{"system":"http://snomed.info/sct","filter":[{"property":"concept","op":"is-a","value":"86406008"}]},{"system":"http://snomed.info/sct","filter":[{"property":"concept","op":"is-a","value":"390798007"}]},{"system":"http://snomed.info/sct","filter":[{"property":"concept","op":"is-a","value":"195967001"}]},{"system":"http://snomed.info/sct","filter":[{"property":"concept","op":"is-a","value":"35327006"}]},{"system":"http://snomed.info/sct","filter":[{"property":"concept","op":"is-a","value":"49723003"}]},{"system":"http://snomed.info/sct","filter":[{"property":"concept","op":"is-a","value":"69776003"}]},{"system":"http://snomed.info/sct","filter":[{"property":"concept","op":"is-a","value":"56717001"}]},{"system":"http://snomed.info/sct","filter":[{"property":"concept","op":"is-a","value":"405742008"}]},{"system":"http://snomed.info/sct","filter":[{"property":"concept","op":"is-a","value":"76102007"}]},{"system":"http://snomed.info/sct","filter":[{"property":"concept","op":"is-a","value":"225531006"}]},{"system":"http://snomed.info/sct","filter":[{"property":"concept","op":"is-a","value":"225516002"}]},{"system":"http://snomed.info/sct","filter":[{"property":"concept","op":"is-a","value":"228460004"}]},{"system":"http://snomed.info/sct","filter":[{"property":"concept","op":"is-a","value":"228466005"}]},{"system":"http://snomed.info/sct","filter":[{"property":"concept","op":"is-a","value":"225517006"}]},{"system":"http://snomed.info/sct","filter":[{"property":"concept","op":"is-a","value":"11723008"}]},{"system":"http://snomed.info/sct","filter":[{"property":"concept","op":"is-a","value":"165806002"}]},{"system":"http://snomed.info/sct","filter":[{"property":"concept","op":"is-a","value":"305489005"}]},{"system":"http://snomed.info/sct","filter":[{"property":"concept","op":"is-a","value":"305679000"}]},{"system":"http://snomed.info/sct","filter":[{"property":"concept","op":"is-a","value":"8098009"}]},{"system":"http://snomed.info/sct","filter":[{"property":"concept","op":"is-a","value":"307052004"}]},{"system":"http://snomed.info/sct","filter":[{"property":"concept","op":"is-a","value":"228366006"}]},{"system":"http://snomed.info/sct","filter":[{"property":"concept","op":"is-a","value":"226034001"}]},{"system":"http://snomed.info/sct","filter":[{"property":"concept","op":"is-a","value":"228388006"}]},{"system":"http://snomed.info/sct","filter":[{"property":"concept","op":"is-a","value":"145101000119102"}]},{"system":"http://snomed.info/sct","filter":[{"property":"concept","op":"is-a","value":"403746009"}]},{"system":"http://snomed.info/sct","filter":[{"property":"concept","op":"is-a","value":"860699005"}]},{"system":"http://snomed.info/sct","filter":[{"property":"concept","op":"is-a","value":"77176002"}]},{"system":"http://snomed.info/sct","filter":[{"property":"concept","op":"is-a","value":"228281002"}]},{"system":"http://snomed.info/sct","filter":[{"property":"concept","op":"is-a","value":"7200002"}]},{"system":"http://snomed.info/sct","filter":[{"property":"concept","op":"is-a","value":"159138004"}]},{"system":"http://snomed.info/sct","filter":[{"property":"concept","op":"is-a","value":"14698002"}]},{"system":"http://snomed.info/sct","filter":[{"property":"concept","op":"is-a","value":"24932003"}]},{"system":"http://snomed.info/sct","filter":[{"property":"concept","op":"is-a","value":"17872004"}]},{"system":"http://snomed.info/sct","filter":[{"property":"concept","op":"is-a","value":"159138004"}]},{"system":"http://snomed.info/sct","filter":[{"property":"concept","op":"is-a","value":"14698002"}]},{"system":"http://snomed.info/sct","filter":[{"property":"concept","op":"is-a","value":"159282002"}]},{"system":"http://snomed.info/sct","filter":[{"property":"concept","op":"is-a","value":"24932003"}]},{"system":"http://snomed.info/sct","filter":[{"property":"concept","op":"is-a","value":"5595000"}]},{"system":"http://snomed.info/sct","filter":[{"property":"concept","op":"is-a","value":"159282002"}]},{"system":"http://snomed.info/sct","filter":[{"property":"concept","op":"is-a","value":"24932003"}]},{"system":"http://snomed.info/sct","filter":[{"property":"concept","op":"is-a","value":"26630006"}]},{"system":"http://snomed.info/sct","filter":[{"property":"concept","op":"is-a","value":"159282002"}]},{"system":"http://snomed.info/sct","filter":[{"property":"concept","op":"is-a","value":"24932003"}]},{"system":"http://snomed.info/sct","filter":[{"property":"concept","op":"is-a","value":"59881000"}]},{"system":"http://snomed.info/sct","filter":[{"property":"concept","op":"is-a","value":"159282002"}]},{"system":"http://snomed.info/sct","filter":[{"property":"concept","op":"is-a","value":"24932003"}]},{"system":"http://snomed.info/sct","filter":[{"property":"concept","op":"is-a","value":"44172002"}]},{"system":"http://snomed.info/sct","filter":[{"property":"concept","op":"is-a","value":"223366009"}]},{"system":"http://snomed.info/sct","filter":[{"property":"concept","op":"is-a","value":"223366009"}]},{"system":"http://snomed.info/sct","filter":[{"property":"concept","op":"is-a","value":"24932003"}]},{"system":"http://snomed.info/sct","filter":[{"property":"concept","op":"is-a","value":"44172002"}]},{"system":"http://snomed.info/sct","filter":[{"property":"concept","op":"is-a","value":"26369006"}]},{"system":"http://snomed.info/sct","filter":[{"property":"concept","op":"is-a","value":"68867008"}]},{"system":"http://snomed.info/sct","filter":[{"property":"concept","op":"is-a","value":"307969004"}]},{"system":"http://snomed.info/sct","filter":[{"property":"concept","op":"is-a","value":"56466003"}]},{"system":"http://snomed.info/sct","filter":[{"property":"concept","op":"is-a","value":"56079002"}]},{"system":"http://snomed.info/sct","filter":[{"property":"concept","op":"is-a","value":"60008001"}]},{"system":"http://snomed.info/sct","filter":[{"property":"concept","op":"is-a","value":"24932003"}]},{"system":"http://snomed.info/sct","filter":[{"property":"concept","op":"is-a","value":"87612001"}]},{"system":"http://snomed.info/sct","filter":[{"property":"concept","op":"is-a","value":"32457005"}]},{"system":"http://snomed.info/sct","filter":[{"property":"concept","op":"is-a","value":"223366009"}]},{"system":"http://snomed.info/sct","filter":[{"property":"concept","op":"is-a","value":"158942005"}]},{"system":"http://snomed.info/sct","filter":[{"property":"concept","op":"is-a","value":"158939004"}]},{"system":"http://snomed.info/sct","filter":[{"property":"concept","op":"is-a","value":"73851001"}]},{"system":"http://snomed.info/sct","filter":[{"property":"concept","op":"is-a","value":"160157004"}]},{"system":"http://snomed.info/sct","filter":[{"property":"concept","op":"is-a","value":"266006009"}]},{"system":"http://snomed.info/sct","filter":[{"property":"concept","op":"is-a","value":"274272004"}]},{"system":"http://snomed.info/sct","filter":[{"property":"concept","op":"is-a","value":"160133004"}]},{"system":"http://snomed.info/sct","filter":[{"property":"concept","op":"is-a","value":"265940000"}]},{"system":"http://snomed.info/sct","filter":[{"property":"concept","op":"is-a","value":"159091009"}]},{"system":"http://snomed.info/sct","filter":[{"property":"concept","op":"is-a","value":"24932003"}]},{"system":"http://snomed.info/sct","filter":[{"property":"concept","op":"is-a","value":"59881000"}]},{"system":"http://snomed.info/sct","filter":[{"property":"concept","op":"is-a","value":"65853000"}]},{"system":"http://snomed.info/sct","filter":[{"property":"concept","op":"is-a","value":"257561002"}]},{"system":"http://snomed.info/sct","filter":[{"property":"concept","op":"is-a","value":"90688005"}]},{"system":"http://snomed.info/sct","filter":[{"property":"concept","op":"is-a","value":"20078004"}]},{"system":"http://snomed.info/sct","filter":[{"property":"concept","op":"is-a","value":"257656006"}]},{"system":"http://snomed.info/sct","filter":[{"property":"concept","op":"is-a","value":"410519009"}]},{"system":"http://snomed.info/sct","filter":[{"property":"concept","op":"is-a","value":"443684005"}]},{"system":"http://snomed.info/sct","filter":[{"property":"concept","op":"is-a","value":"11723008"}]},{"system":"http://snomed.info/sct","filter":[{"property":"concept","op":"is-a","value":"165806002"}]},{"system":"http://snomed.info/sct","filter":[{"property":"concept","op":"is-a","value":"170484009"}]},{"system":"http://snomed.info/sct","filter":[{"property":"concept","op":"is-a","value":"12271241000119109"}]},{"system":"http://snomed.info/sct","filter":[{"property":"concept","op":"is-a","value":"84757009"}]},{"system":"http://snomed.info/sct","filter":[{"property":"concept","op":"is-a","value":"192711008"}]},{"system":"http://snomed.info/sct","filter":[{"property":"concept","op":"is-a","value":"192710009"}]},{"system":"http://snomed.info/sct","filter":[{"property":"concept","op":"is-a","value":"192712001"}]},{"system":"http://snomed.info/sct","filter":[{"property":"concept","op":"is-a","value":"293104008"}]},{"system":"http://snomed.info/sct","filter":[{"property":"concept","op":"is-a","value":"293117006"}]},{"system":"http://snomed.info/sct","filter":[{"property":"concept","op":"is-a","value":"451301000124103"}]},{"system":"http://snomed.info/sct","filter":[{"property":"concept","op":"is-a","value":"429301000124101"}]},{"system":"http://snomed.info/sct","filter":[{"property":"concept","op":"is-a","value":"293122006"}]},{"system":"http://snomed.info/sct","filter":[{"property":"concept","op":"is-a","value":"420113004"}]},{"system":"http://snomed.info/sct","filter":[{"property":"concept","op":"is-a","value":"293115003"}]},{"system":"http://snomed.info/sct","filter":[{"property":"concept","op":"is-a","value":"219085007"}]},{"system":"http://snomed.info/sct","filter":[{"property":"concept","op":"is-a","value":"219084006"}]},{"system":"http://snomed.info/sct","filter":[{"property":"concept","op":"is-a","value":"451331000124106"}]},{"system":"http://snomed.info/sct","filter":[{"property":"concept","op":"is-a","value":"429311000124103"}]},{"system":"http://snomed.info/sct","filter":[{"property":"concept","op":"is-a","value":"219096004"}]},{"system":"http://snomed.info/sct","filter":[{"property":"concept","op":"is-a","value":"293114004"}]},{"system":"http://snomed.info/sct","filter":[{"property":"concept","op":"is-a","value":"293119009"}]},{"system":"http://snomed.info/sct","filter":[{"property":"concept","op":"is-a","value":"293116002"}]},{"system":"http://snomed.info/sct","filter":[{"property":"concept","op":"is-a","value":"2219088009"}]},{"system":"http://snomed.info/sct","filter":[{"property":"concept","op":"is-a","value":"451111000124103"}]},{"system":"http://snomed.info/sct","filter":[{"property":"concept","op":"is-a","value":"293126009"}]},{"system":"http://snomed.info/sct","filter":[{"property":"concept","op":"is-a","value":"293110008"}]},{"system":"http://snomed.info/sct","filter":[{"property":"concept","op":"is-a","value":"293127000"}]},{"system":"http://snomed.info/sct","filter":[{"property":"concept","op":"is-a","value":"219095000"}]},{"system":"http://snomed.info/sct","filter":[{"property":"concept","op":"is-a","value":"451291000124104"}]},{"system":"http://snomed.info/sct","filter":[{"property":"concept","op":"is-a","value":"213020009"}]},{"system":"http://snomed.info/sct","filter":[{"property":"concept","op":"is-a","value":"91930004"}]},{"system":"http://snomed.info/sct","filter":[{"property":"concept","op":"is-a","value":"293309006"}]},{"system":"http://snomed.info/sct","filter":[{"property":"concept","op":"is-a","value":"294847001"}]},{"system":"http://snomed.info/sct","filter":[{"property":"concept","op":"is-a","value":"300916003"}]},{"system":"http://snomed.info/sct","filter":[{"property":"concept","op":"is-a","value":"441593005"}]},{"system":"http://snomed.info/sct","filter":[{"property":"concept","op":"is-a","value":"419522004"}]},{"system":"http://snomed.info/sct","filter":[{"property":"concept","op":"is-a","value":"420094007"}]},{"system":"http://snomed.info/sct","filter":[{"property":"concept","op":"is-a","value":"294469003"}]},{"system":"http://snomed.info/sct","filter":[{"property":"concept","op":"is-a","value":"294468006"}]},{"system":"http://snomed.info/sct","filter":[{"property":"concept","op":"is-a","value":"292927007"}]},{"system":"http://snomed.info/sct","filter":[{"property":"concept","op":"is-a","value":"294466005"}]},{"system":"http://snomed.info/sct","filter":[{"property":"concept","op":"is-a","value":"292925004"}]},{"system":"http://snomed.info/sct","filter":[{"property":"concept","op":"is-a","value":"294530006"}]},{"system":"http://snomed.info/sct","filter":[{"property":"concept","op":"is-a","value":"292992006"}]},{"system":"http://snomed.info/sct","filter":[{"property":"concept","op":"is-a","value":"703936006"}]},{"system":"http://snomed.info/sct","filter":[{"property":"concept","op":"is-a","value":"293118001"}]},{"system":"http://snomed.info/sct","filter":[{"property":"concept","op":"is-a","value":"46177005"}]},{"system":"http://snomed.info/sct","filter":[{"property":"concept","op":"is-a","value":"294278007"}]},{"system":"http://snomed.info/sct","filter":[{"property":"concept","op":"is-a","value":"451281000124102"}]},{"system":"http://snomed.info/sct","filter":[{"property":"concept","op":"is-a","value":"219082005"}]},{"system":"http://snomed.info/sct","filter":[{"property":"concept","op":"is-a","value":"32911000"}]},{"system":"http://snomed.info/sct","filter":[{"property":"concept","op":"is-a","value":"65880007"}]},{"system":"http://snomed.info/sct","filter":[{"property":"concept","op":"is-a","value":"23238000"}]},{"system":"http://snomed.info/sct","filter":[{"property":"concept","op":"is-a","value":"190979003"}]},{"system":"http://snomed.info/sct","filter":[{"property":"concept","op":"is-a","value":"123785006"}]},{"system":"http://snomed.info/sct","filter":[{"property":"concept","op":"is-a","value":"31323000"}]},{"system":"http://snomed.info/sct","filter":[{"property":"concept","op":"is-a","value":"77128003"}]},{"system":"http://snomed.info/sct","filter":[{"property":"concept","op":"is-a","value":"77128003"}]},{"system":"http://snomed.info/sct","filter":[{"property":"concept","op":"is-a","value":"36070007"}]},{"system":"http://snomed.info/sct","filter":[{"property":"concept","op":"is-a","value":"68504005"}]},{"system":"http://snomed.info/sct","filter":[{"property":"concept","op":"is-a","value":"24743004"}]},{"system":"http://snomed.info/sct","filter":[{"property":"concept","op":"is-a","value":"24743004"}]},{"system":"http://snomed.info/sct","filter":[{"property":"concept","op":"is-a","value":"81166004"}]},{"system":"http://snomed.info/sct","filter":[{"property":"concept","op":"is-a","value":"234605000"}]},{"system":"http://snomed.info/sct","filter":[{"property":"concept","op":"is-a","value":"387759001"}]},{"system":"http://snomed.info/sct","filter":[{"property":"concept","op":"is-a","value":"77358003"}]},{"system":"http://snomed.info/sct","filter":[{"property":"concept","op":"is-a","value":"234433009"}]},{"system":"http://snomed.info/sct","filter":[{"property":"concept","op":"is-a","value":"62479008"}]},{"system":"http://snomed.info/sct","filter":[{"property":"concept","op":"is-a","value":"62479008"}]},{"system":"http://snomed.info/sct","filter":[{"property":"concept","op":"is-a","value":"707147002"}]},{"system":"http://snomed.info/sct","filter":[{"property":"concept","op":"is-a","value":"709044004"}]},{"system":"http://snomed.info/sct","filter":[{"property":"concept","op":"is-a","value":"52254009"}]},{"system":"http://snomed.info/sct","filter":[{"property":"concept","op":"is-a","value":"213017001"}]},{"system":"http://snomed.info/sct","filter":[{"property":"concept","op":"is-a","value":"422608009"}]},{"system":"http://snomed.info/sct","filter":[{"property":"concept","op":"is-a","value":"248110007"}]},{"system":"http://snomed.info/sct","filter":[{"property":"concept","op":"is-a","value":"248986005"}]},{"system":"http://snomed.info/sct","filter":[{"property":"concept","op":"is-a","value":"451291000124104"}]},{"system":"http://snomed.info/sct","filter":[{"property":"concept","op":"is-a","value":"93143009"}]},{"system":"http://snomed.info/sct","filter":[{"property":"concept","op":"is-a","value":"399600009"}]},{"system":"http://snomed.info/sct","filter":[{"property":"concept","op":"is-a","value":"118599009"}]},{"system":"http://snomed.info/sct","filter":[{"property":"concept","op":"is-a","value":"109989006"}]},{"system":"http://snomed.info/sct","filter":[{"property":"concept","op":"is-a","value":"86406008"}]},{"system":"http://snomed.info/sct","filter":[{"property":"concept","op":"is-a","value":"363346000"}]},{"system":"http://snomed.info/sct","filter":[{"property":"concept","op":"is-a","value":"233703007"}]},{"system":"http://snomed.info/sct","filter":[{"property":"concept","op":"is-a","value":"190905008"}]},{"system":"http://snomed.info/sct","filter":[{"property":"concept","op":"is-a","value":"70995007"}]},{"system":"http://snomed.info/sct","filter":[{"property":"concept","op":"is-a","value":"52448006"}]},{"system":"http://snomed.info/sct","filter":[{"property":"concept","op":"is-a","value":"41040004"}]},{"system":"http://snomed.info/sct","filter":[{"property":"concept","op":"is-a","value":"40108008"}]},{"system":"http://snomed.info/sct","filter":[{"property":"concept","op":"is-a","value":"62914000"}]},{"system":"http://snomed.info/sct","filter":[{"property":"concept","op":"is-a","value":"13645005"}]},{"system":"http://snomed.info/sct","filter":[{"property":"concept","op":"is-a","value":"87433001"}]},{"system":"http://snomed.info/sct","filter":[{"property":"concept","op":"is-a","value":"413490006"}]}]}}