{
  "codeSystems" : [
    {
      "url" : "http://fhirfli.dev/fhir/ig/pythia/CodeSystem/EvalReason",
      "version" : "0.1.0",
      "status" : "draft",
      "name" : "EvalReasonCS",
      "title" : "Evaluation Reason",
      "description" : "The reason for the evaluation.",
      "uses" : {
      },
      "ValueSet-eval-reason.html" : "Evaluation Reason"
    },
    {
      "url" : "http://fhirfli.dev/fhir/ig/pythia/CodeSystem/EvalStatus",
      "version" : "0.1.0",
      "status" : "draft",
      "name" : "EvalStatusCS",
      "title" : "Evaluation Status",
      "description" : "The status of the result of an evaluation.",
      "uses" : {
      },
      "ValueSet-eval-status.html" : "Evaluation Status Value Set"
    },
    {
      "url" : "http://fhirfli.dev/fhir/ig/pythia/CodeSystem/IntervalReason",
      "version" : "0.1.0",
      "status" : "draft",
      "name" : "IntervalReasonCS",
      "title" : "Interval Reason",
      "description" : "This value set includes codes for the reason an interval is considered to be invalid.",
      "uses" : {
      },
      "ValueSet-interval-reason.html" : "Interval Reason"
    },
    {
      "url" : "http://fhirfli.dev/fhir/ig/pythia/CodeSystem/PreferredAllowedReason",
      "version" : "0.1.0",
      "status" : "draft",
      "name" : "PreferredAllowedReasonCS",
      "title" : "Reasons why certain doses are Preferred or Allowed doses",
      "description" : "Reasons why certain doses are Preferred or Allowed doses",
      "uses" : {
      },
      "ValueSet-preferred-allowed-reason.html" : "Reasons why certain doses are Preferred or Allowed doses"
    },
    {
      "url" : "http://fhirfli.dev/fhir/ig/pythia/CodeSystem/VaccineGender",
      "version" : "0.1.0",
      "status" : "draft",
      "name" : "VaccineGenderCS",
      "title" : "Vaccine Gender",
      "description" : "Value set for gender categories relevant to vaccination data.",
      "uses" : {
      },
      "ValueSet-vaccine-gender.html" : "Vaccine Gender"
    },
    {
      "url" : "http://fhirfli.dev/fhir/ig/pythia/CodeSystem/ValidAgeReason",
      "version" : "0.1.0",
      "status" : "draft",
      "name" : "ValidAgeReasonCS",
      "title" : "Valid Age Reason",
      "description" : "Value set for reasons why a patient's age is considered valid/invalid for a vaccine.",
      "uses" : {
      },
      "ValueSet-valid-age-reason.html" : "Valid Age Reason"
    },
    {
      "url" : "http://hl7.org/fhir/sid/cvx",
      "version" : "4.0.0",
      "status" : "active",
      "name" : "CVX",
      "title" : "Vaccine Administered Code Set (CVX)",
      "description" : "The CDC's National Center of Immunization and Respiratory Diseases (NCIRD - see [https://www.cdc.gov/ncird/](https://www.cdc.gov/ncird/)) developed and maintains the CVX (vaccine administered) code set. It includes both active and inactive vaccines available in the US. CVX codes for inactive vaccines allow transmission of historical immunization records. When a MVX (manufacturer) code is paired with a CVX (vaccine administered) code, the specific trade named vaccine may be indicated. These codes should be used for immunization messages using either HL7 Version 2.3.1 or HL7 Version 2.5.1. CVX is the underlying Master Code System for V2 table 0292 (Vaccines Administered). The machine readable name for CVX in PHIN VADS is PH_VaccinesAdministeredCVX_CDC_NIP. The version of the CVX code set for certification can be found on the archive page:[https://www2a.cdc.gov/vaccines/iis/iisstandards/mu3versioned_codes.asp](https://www2a.cdc.gov/vaccines/iis/iisstandards/mu3versioned_codes.asp) \r\n\r\nThe Status column indicates if the vaccine is currently available in the United States.\r\n\r\n*  Active: A currently available administrable vaccine \r\n\r\n*  Inactive: An administrable vaccine formulation that is no longer available for patient administration, but can be found in historical patient records OR A historical record of a vaccine administered where the exact formulation is unknown \r\n\r\n*  Pending: A vaccine that is expected to become active in the future \r\n\r\n*  Non-US: A vaccine that available outside the US only \r\n\r\n*  Never Active: A vaccine that was never available and is not in the pipeline of new vaccines \r\n\r\nThe Last Updated column indicates the last time this particular vaccine code was updated in this table.\r\n\r\nQuestions regarding this table should be directed to the IIS Technical Assistance Team via iisinfo@cdc.gov (or use mailing address via [https://www2a.cdc.gov/vaccines/iis/iisstandards/vaccines.asp?rpt=cvx#addr](https://www2a.cdc.gov/vaccines/iis/iisstandards/vaccines.asp?rpt=cvx#addr)) \r\n\r\nHL7 Implementers should note that 'Status' IS NOT CONCEPT STATUS as all codes are ACTIVE in this code system.\r\n\r\nThe current code system is available via [https://www2a.cdc.gov/vaccines/iis/iisstandards/vaccines.asp?rpt=cvx](https://www2a.cdc.gov/vaccines/iis/iisstandards/vaccines.asp?rpt=cvx)",
      "oids" : ["2.16.840.1.113883.12.292"],
      "uses" : {
      },
      "ValueSet-VaccineCodesCvxMvx.html" : "VaccineCodesCvxMvx"
    },
    {
      "url" : "http://hl7.org/fhir/sid/mvx",
      "version" : "3.0.0",
      "status" : "active",
      "name" : "MVX",
      "title" : "Manufacturers of Vaccines (MVX)",
      "description" : "\"The CDC's National Center for Immunization and Respiratory Diseases ([NCIRD](https://www.cdc.gov/ncird/)) developed and maintains HL7 Table 0227, Manufacturers of Vaccines (MVX). It includes both active and inactive manufacturers of vaccines in the US. Inactive MVX codes allow transmission of historical immunization records. When MVX code is paired with a CVX (vaccine administered) code, the specific trade named vaccine may be indicated. MVX is the underlying Master Code System for V2 table 0227 (Manufacturers Of Vaccines (code=MVX)). The machine readable name for MVX in PHIN VADS is PH_VaccinesAdministeredCVX_CDC_NIP.\r\n\r\nStatus indicates if the manufacturer is currently making vaccine for distribution in the United States.\r\n\r\nLast Updated indicates the last time this particular manufacturer code was updated in this table.\r\n\r\nQuestions regarding MVX should be directed to the [IIS Technical Assistance Team](mailto:iisinfo@cdc.gov)(or use [mailing address](https://www2.cdc.gov/vaccines/iis/iisstandards/vaccines.asp?rpt=mvx#addr)).\"\r\n\r\nFor more information, please see [here](https://www2.cdc.gov/vaccines/iis/iisstandards/vaccines.asp?rpt=mvx).",
      "oids" : ["2.16.840.1.113883.12.227"],
      "uses" : {
      },
      "ValueSet-VaccineCodesCvxMvx.html" : "VaccineCodesCvxMvx"
    },
    {
      "url" : "http://snomed.info/sct",
      "version" : null,
      "status" : "active",
      "name" : "SNOMED_CT",
      "title" : "SNOMED CT (all versions)",
      "description" : "SNOMED CT is the most comprehensive and precise clinical health terminology product in the world, owned and distributed around the world by The International Health Terminology Standards Development Organisation (IHTSDO).",
      "oids" : ["2.16.840.1.113883.6.96"],
      "uses" : {
      },
      "ValueSet-procedures.html" : "Procedures",
      "ValueSet-vaccine-medication-codes-snomed.html" : "Medications",
      "ValueSet-vaccine-condition-codes-snomed.html" : "Vaccine Condition Codes"
    },
    {
      "url" : "http://terminology.hl7.org/CodeSystem/immunization-subpotent-reason",
      "version" : "1.0.0",
      "status" : "draft",
      "name" : "ImmunizationSubpotentReason",
      "title" : "Immunization Subpotent Reason",
      "description" : "The value set to instantiate this attribute should be drawn from a terminologically robust code system that consists of or contains concepts to support describing the reason why a dose is considered to be subpotent. This value set is provided as a suggestive example.",
      "oids" : ["2.16.840.1.113883.4.642.1.1098"],
      "uses" : {
      },
      "http://hl7.org/fhir/R4/valueset-immunization-subpotent-reason.html" : "Immunization Subpotent Reason"
    }
  ]
}
