{
  "codeSystems" : [
    {
      "url" : "http://fhirfli.dev/fhir/ig/cicada/CodeSystem/EvalReason",
      "version" : "0.1.0",
      "status" : "draft",
      "name" : "EvalReasonCS",
      "title" : "Evaluation Reason",
      "description" : "The reason for the evaluation.",
      "uses" : {
      },
      "ValueSet-eval-reason.html" : "Evaluation Reason"
    },
    {
      "url" : "http://fhirfli.dev/fhir/ig/cicada/CodeSystem/EvalStatus",
      "version" : "0.1.0",
      "status" : "draft",
      "name" : "EvalStatusCS",
      "title" : "Evaluation Status",
      "description" : "The status of the result of an evaluation.",
      "uses" : {
      },
      "ValueSet-eval-status.html" : "Evaluation Status Value Set"
    },
    {
      "url" : "http://fhirfli.dev/fhir/ig/cicada/CodeSystem/IntervalReason",
      "version" : "0.1.0",
      "status" : "draft",
      "name" : "IntervalReasonCS",
      "title" : "Interval Reason",
      "description" : "This value set includes codes for the reason an interval is considered to be invalid.",
      "uses" : {
      },
      "ValueSet-interval-reason.html" : "Interval Reason"
    },
    {
      "url" : "http://fhirfli.dev/fhir/ig/cicada/CodeSystem/PreferredAllowedReason",
      "version" : "0.1.0",
      "status" : "draft",
      "name" : "PreferredAllowedReasonCS",
      "title" : "Reasons why certain doses are Preferred or Allowed doses",
      "description" : "Reasons why certain doses are Preferred or Allowed doses",
      "uses" : {
      },
      "ValueSet-preferred-allowed-reason.html" : "Reasons why certain doses are Preferred or Allowed doses"
    },
    {
      "url" : "http://fhirfli.dev/fhir/ig/cicada/CodeSystem/VaccineGender",
      "version" : "0.1.0",
      "status" : "draft",
      "name" : "VaccineGenderCS",
      "title" : "Vaccine Gender",
      "description" : "Value set for gender categories relevant to vaccination data.",
      "uses" : {
      },
      "ValueSet-vaccine-gender.html" : "Vaccine Gender"
    },
    {
      "url" : "http://fhirfli.dev/fhir/ig/cicada/CodeSystem/ValidAgeReason",
      "version" : "0.1.0",
      "status" : "draft",
      "name" : "ValidAgeReasonCS",
      "title" : "Valid Age Reason",
      "description" : "Value set for reasons why a patient's age is considered valid/invalid for a vaccine.",
      "uses" : {
      },
      "ValueSet-valid-age-reason.html" : "Valid Age Reason"
    },
    {
      "url" : "http://hl7.org/fhir/sid/cvx",
      "version" : "20250715",
      "status" : "active",
      "name" : "CVX",
      "title" : "CVX - US Vaccine Codes",
      "description" : "CVX Codes for vaccines",
      "uses" : {
      },
      "ValueSet-VaccineCodesCvxMvx.html" : "VaccineCodesCvxMvx"
    },
    {
      "url" : "http://hl7.org/fhir/sid/mvx",
      "version" : "20201030",
      "status" : "active",
      "name" : "MVX",
      "title" : "MVX - Manufacturers of Vaccines",
      "description" : "MVX Codes for manufacturers of vaccines",
      "uses" : {
      },
      "ValueSet-VaccineCodesCvxMvx.html" : "VaccineCodesCvxMvx"
    },
    {
      "url" : "http://snomed.info/sct",
      "version" : null,
      "status" : "active",
      "name" : "SNOMED_CT",
      "title" : "SNOMED CT (all versions)",
      "description" : "SNOMED CT is the most comprehensive and precise clinical health terminology product in the world, owned and distributed around the world by The International Health Terminology Standards Development Organisation (IHTSDO).",
      "oids" : ["2.16.840.1.113883.6.96"],
      "uses" : {
      },
      "ValueSet-procedures.html" : "Procedures",
      "ConceptMap-SnomedToCdsiObservation.html" : "SNOMED CT to CDSi Observation Code Map",
      "ValueSet-vaccine-medication-codes-snomed.html" : "Medications",
      "ValueSet-vaccine-condition-codes-snomed.html" : "Vaccine Condition Codes"
    },
    {
      "url" : "http://terminology.hl7.org/CodeSystem/immunization-subpotent-reason",
      "version" : "1.0.1",
      "status" : "active",
      "name" : "ImmunizationSubpotentReason",
      "title" : "Immunization Subpotent Reason",
      "description" : "The value set to instantiate this attribute should be drawn from a terminologically robust code system that consists of or contains concepts to support describing the reason why a dose is considered to be subpotent. This value set is provided as a suggestive example.",
      "oids" : ["2.16.840.1.113883.4.642.1.1098"],
      "uses" : {
      },
      "http://hl7.org/fhir/R4/valueset-immunization-subpotent-reason.html" : "Immunization Subpotent Reason"
    }
  ]
}
