{
  "resourceType" : "ConceptMap",
  "id" : "SnomedToCdsiObservation",
  "text" : {
    "status" : "generated",
    "div" : "<div xmlns=\"http://www.w3.org/1999/xhtml\"><p class=\"res-header-id\"><b>Generated Narrative: ConceptMap SnomedToCdsiObservation</b></p><a name=\"SnomedToCdsiObservation\"> </a><a name=\"hcSnomedToCdsiObservation\"> </a><p>Mapping from <a href=\"http://hl7.org/fhir/R4/codesystem-snomedct.html\">http://snomed.info/sct</a> to https://www.cdc.gov/vaccines/programs/iis/cdsi</p><br/><p><b>Group 1 </b>Mapping from <a href=\"http://hl7.org/fhir/R4/codesystem-snomedct.html\">SNOMED CT (all versions)</a> to <code>https://www.cdc.gov/vaccines/programs/iis/cdsi</code></p><table class=\"grid\"><tr><td><b>Source Code</b></td><td><b>Relationship</b></td><td><b>Target Code</b></td></tr><tr><td>370388006 (Patient immunocompromised)</td><td><a href=\"http://hl7.org/fhir/R5/codesystem-concept-map-relationship.html#equivalent\" title=\"equivalent\">is equivalent to</a></td><td>003 (Immunocompromised)</td></tr><tr><td>50711007 (Viral hepatitis type C)</td><td><a href=\"http://hl7.org/fhir/R5/codesystem-concept-map-relationship.html#equivalent\" title=\"equivalent\">is equivalent to</a></td><td>005 (Hepatitis C virus infection)</td></tr><tr><td>77386006 (Patient currently pregnant)</td><td><a href=\"http://hl7.org/fhir/R5/codesystem-concept-map-relationship.html#equivalent\" title=\"equivalent\">is equivalent to</a></td><td>007 (Pregnant)</td></tr><tr><td>31323000 (Severe combined immunodeficiency disease)</td><td><a href=\"http://hl7.org/fhir/R5/codesystem-concept-map-relationship.html#equivalent\" title=\"equivalent\">is equivalent to</a></td><td>013 (Severe Combined Immunodeficiency [SCID])</td></tr><tr><td>73211009 (Diabetes mellitus)</td><td><a href=\"http://hl7.org/fhir/R5/codesystem-concept-map-relationship.html#equivalent\" title=\"equivalent\">is equivalent to</a></td><td>014 (Diabetes)</td></tr><tr><td>371111005 (Measles immune)</td><td><a href=\"http://hl7.org/fhir/R5/codesystem-concept-map-relationship.html#equivalent\" title=\"equivalent\">is equivalent to</a></td><td>020 (Laboratory Evidence of Immunity for Measles)</td></tr><tr><td>371112003 (Mumps immune)</td><td><a href=\"http://hl7.org/fhir/R5/codesystem-concept-map-relationship.html#equivalent\" title=\"equivalent\">is equivalent to</a></td><td>021 (Laboratory Evidence of Immunity for Mumps)</td></tr><tr><td>278968001 (Rubella immune)</td><td><a href=\"http://hl7.org/fhir/R5/codesystem-concept-map-relationship.html#equivalent\" title=\"equivalent\">is equivalent to</a></td><td>022 (Laboratory Evidence of Immunity for Rubella)</td></tr><tr><td>86406008 (Human immunodeficiency virus infection)</td><td><a href=\"http://hl7.org/fhir/R5/codesystem-concept-map-relationship.html#equivalent\" title=\"equivalent\">is equivalent to</a></td><td>026 (HIV/AIDS - immunocompromised)</td></tr><tr><td>195967001 (Asthma)</td><td><a href=\"http://hl7.org/fhir/R5/codesystem-concept-map-relationship.html#equivalent\" title=\"equivalent\">is equivalent to</a></td><td>027 (Asthma)</td></tr><tr><td>56717001 (Tuberculosis)</td><td><a href=\"http://hl7.org/fhir/R5/codesystem-concept-map-relationship.html#equivalent\" title=\"equivalent\">is equivalent to</a></td><td>031 (Tuberculosis)</td></tr></table></div>"
  },
  "url" : "http://fhirfli.dev/fhir/ig/cicada/ConceptMap/SnomedToCdsiObservation",
  "version" : "0.1.0",
  "title" : "SNOMED CT to CDSi Observation Code Map",
  "status" : "active",
  "date" : "2026-02-11T14:37:07-05:00",
  "publisher" : "FHIR-FLI",
  "contact" : [{
    "name" : "FHIR-FLI",
    "telecom" : [{
      "system" : "url",
      "value" : "http://fhirfli.dev"
    }]
  }],
  "description" : "Maps SNOMED CT codes to CDSi observation codes used in immunization decision support.",
  "sourceUri" : "http://snomed.info/sct",
  "targetUri" : "https://www.cdc.gov/vaccines/programs/iis/cdsi",
  "group" : [{
    "source" : "http://snomed.info/sct",
    "target" : "https://www.cdc.gov/vaccines/programs/iis/cdsi",
    "element" : [{
      "code" : "370388006",
      "display" : "Patient immunocompromised",
      "target" : [{
        "code" : "003",
        "display" : "Immunocompromised",
        "equivalence" : "equivalent"
      }]
    },
    {
      "code" : "50711007",
      "display" : "Viral hepatitis type C",
      "target" : [{
        "code" : "005",
        "display" : "Hepatitis C virus infection",
        "equivalence" : "equivalent"
      }]
    },
    {
      "code" : "77386006",
      "display" : "Patient currently pregnant",
      "target" : [{
        "code" : "007",
        "display" : "Pregnant",
        "equivalence" : "equivalent"
      }]
    },
    {
      "code" : "31323000",
      "display" : "Severe combined immunodeficiency disease",
      "target" : [{
        "code" : "013",
        "display" : "Severe Combined Immunodeficiency [SCID]",
        "equivalence" : "equivalent"
      }]
    },
    {
      "code" : "73211009",
      "display" : "Diabetes mellitus",
      "target" : [{
        "code" : "014",
        "display" : "Diabetes",
        "equivalence" : "equivalent"
      }]
    },
    {
      "code" : "371111005",
      "display" : "Measles immune",
      "target" : [{
        "code" : "020",
        "display" : "Laboratory Evidence of Immunity for Measles",
        "equivalence" : "equivalent"
      }]
    },
    {
      "code" : "371112003",
      "display" : "Mumps immune",
      "target" : [{
        "code" : "021",
        "display" : "Laboratory Evidence of Immunity for Mumps",
        "equivalence" : "equivalent"
      }]
    },
    {
      "code" : "278968001",
      "display" : "Rubella immune",
      "target" : [{
        "code" : "022",
        "display" : "Laboratory Evidence of Immunity for Rubella",
        "equivalence" : "equivalent"
      }]
    },
    {
      "code" : "86406008",
      "display" : "Human immunodeficiency virus infection",
      "target" : [{
        "code" : "026",
        "display" : "HIV/AIDS - immunocompromised",
        "equivalence" : "equivalent"
      }]
    },
    {
      "code" : "195967001",
      "display" : "Asthma",
      "target" : [{
        "code" : "027",
        "display" : "Asthma",
        "equivalence" : "equivalent"
      }]
    },
    {
      "code" : "56717001",
      "display" : "Tuberculosis",
      "target" : [{
        "code" : "031",
        "display" : "Tuberculosis",
        "equivalence" : "equivalent"
      }]
    }]
  }]
}