{
  "codeSystems" : [
    {
      "url" : "http://fhirfli.dev/fhir/ig/pythia/ValueSet/VaccineCodesCvxMvx",
      "version" : "0.1.0",
      "status" : "draft",
      "name" : "VaccineCodesCvxMvx",
      "title" : null,
      "description" : null,
      "systems" : ["http://hl7.org/fhir/sid/mvx", "http://hl7.org/fhir/sid/cvx"]
    },
    {
      "url" : "http://fhirfli.dev/fhir/ig/pythia/ValueSet/eval-reason",
      "version" : "0.1.0",
      "status" : "draft",
      "name" : "EvalReasonVS",
      "title" : "Evaluation Reason",
      "description" : "The reason for the evaluation.",
      "systems" : ["http://fhirfli.dev/fhir/ig/pythia/CodeSystem/EvalReason"]
    },
    {
      "url" : "http://fhirfli.dev/fhir/ig/pythia/ValueSet/eval-status",
      "version" : "0.1.0",
      "status" : "draft",
      "name" : "EvalStatusVS",
      "title" : "Evaluation Status Value Set",
      "description" : "Value Set for the status of the result of an evaluation.",
      "systems" : ["http://fhirfli.dev/fhir/ig/pythia/CodeSystem/EvalStatus"]
    },
    {
      "url" : "http://fhirfli.dev/fhir/ig/pythia/ValueSet/interval-reason",
      "version" : "0.1.0",
      "status" : "draft",
      "name" : "IntervalReasonVS",
      "title" : "Interval Reason",
      "description" : "This value set includes codes for the reason an interval is considered to be invalid.",
      "systems" : [
        "http://fhirfli.dev/fhir/ig/pythia/CodeSystem/IntervalReason"
      ]
    },
    {
      "url" : "http://fhirfli.dev/fhir/ig/pythia/ValueSet/preferred-allowed-reason",
      "version" : "0.1.0",
      "status" : "draft",
      "name" : "PreferredAllowedReasonVS",
      "title" : "Reasons why certain doses are Preferred or Allowed doses",
      "description" : "Reasons why certain doses are Preferred or Allowed doses",
      "systems" : [
        "http://fhirfli.dev/fhir/ig/pythia/CodeSystem/PreferredAllowedReason"
      ]
    },
    {
      "url" : "http://fhirfli.dev/fhir/ig/pythia/ValueSet/procedures",
      "version" : "0.1.0",
      "status" : "draft",
      "name" : "ImmunizationProceduresSnomed",
      "title" : "Procedures",
      "description" : "Comprehensive Value Set for medical procedures based on SNOMED CT codes.",
      "systems" : ["http://snomed.info/sct"]
    },
    {
      "url" : "http://fhirfli.dev/fhir/ig/pythia/ValueSet/vaccine-condition-codes-snomed",
      "version" : "0.1.0",
      "status" : "draft",
      "name" : "VaccineConditionCodesSnomed",
      "title" : "Vaccine Condition Codes",
      "description" : "Value set for conditions based on SNOMED CT, that may impact immunization.",
      "systems" : ["http://snomed.info/sct"]
    },
    {
      "url" : "http://fhirfli.dev/fhir/ig/pythia/ValueSet/vaccine-gender",
      "version" : "0.1.0",
      "status" : "draft",
      "name" : "VaccineGenderVS",
      "title" : "Vaccine Gender",
      "description" : "Value set for gender categories relevant to vaccination data.",
      "systems" : ["http://fhirfli.dev/fhir/ig/pythia/CodeSystem/VaccineGender"]
    },
    {
      "url" : "http://fhirfli.dev/fhir/ig/pythia/ValueSet/vaccine-medication-codes-snomed",
      "version" : "0.1.0",
      "status" : "draft",
      "name" : "VaccineMedicationCodesSnomed",
      "title" : "Medications",
      "description" : "Value set for medications and substances based on SNOMED CT, including both active ingredients and marketed products.",
      "systems" : ["http://snomed.info/sct"]
    },
    {
      "url" : "http://fhirfli.dev/fhir/ig/pythia/ValueSet/valid-age-reason",
      "version" : "0.1.0",
      "status" : "draft",
      "name" : "ValidAgeReasonVS",
      "title" : "Valid Age Reason",
      "description" : "Value set for reasons why a patient's age is considered valid/invalid for a vaccine.",
      "systems" : [
        "http://fhirfli.dev/fhir/ig/pythia/CodeSystem/ValidAgeReason"
      ]
    }
  ]
}
