<?xml version="1.0" encoding="UTF-8"?>

<ValueSet xmlns="http://hl7.org/fhir">
  <id value="immunization-procedures-cpt"/>
  <text>
    <status value="generated"/><div xmlns="http://www.w3.org/1999/xhtml"><p class="res-header-id"><b>Generated Narrative: ValueSet immunization-procedures-cpt</b></p><a name="immunization-procedures-cpt"> </a><a name="hcimmunization-procedures-cpt"> </a><ul><li>Include these codes as defined in <code>http://www.ama-assn.org/go/cpt</code><span title="Version is not explicitly stated. No matching Code System found"> version Not Stated (use latest from terminology server)</span><table class="none"><tr><td style="white-space:nowrap"><b>Code</b></td><td><b>Display</b></td></tr><tr><td>38100</td><td>Splenectomy; total (separate procedure)</td></tr><tr><td>38101</td><td>Splenectomy; total, en bloc</td></tr><tr><td>38102</td><td>Splenectomy; total, en bloc with other organs</td></tr><tr><td>38115</td><td>Repair of ruptured spleen with splenorrhaphy</td></tr><tr><td>38120</td><td>Laparoscopy, surgical, splenectomy</td></tr><tr><td>69930</td><td>Cochlear device implantation</td></tr></table></li></ul></div>
  </text>
  <url value="http://fhirfli.dev/fhir/ig/cicada/ValueSet/immunization-procedures-cpt"/>
  <version value="0.1.0"/>
  <name value="ImmunizationProceduresCpt"/>
  <title value="Immunization-Relevant Procedures (CPT)"/>
  <status value="active"/>
  <date value="2026-02-11T14:37:07-05:00"/>
  <publisher value="FHIR-FLI"/>
  <contact>
    <name value="FHIR-FLI"/>
    <telecom>
      <system value="url"/>
      <value value="http://fhirfli.dev"/>
    </telecom>
  </contact>
  <description value="CPT codes for procedures relevant to immunization decision support, including splenectomy and cochlear implant."/>
  <compose>
    <include>
      <system value="http://www.ama-assn.org/go/cpt"/>
      <concept>
        <code value="38100"/>
        <display value="Splenectomy; total (separate procedure)"/>
      </concept>
      <concept>
        <code value="38101"/>
        <display value="Splenectomy; total, en bloc"/>
      </concept>
      <concept>
        <code value="38102"/>
        <display value="Splenectomy; total, en bloc with other organs"/>
      </concept>
      <concept>
        <code value="38115"/>
        <display value="Repair of ruptured spleen with splenorrhaphy"/>
      </concept>
      <concept>
        <code value="38120"/>
        <display value="Laparoscopy, surgical, splenectomy"/>
      </concept>
      <concept>
        <code value="69930"/>
        <display value="Cochlear device implantation"/>
      </concept>
    </include>
  </compose>
</ValueSet>