{
  "resourceType" : "ValueSet",
  "id" : "VaccineCodesCvxMvx",
  "text" : {
    "status" : "generated",
    "div" : "<div xmlns=\"http://www.w3.org/1999/xhtml\"><p>This value set includes codes based on the following rules:</p><ul><li>Include all codes defined in <a href=\"http://terminology.hl7.org/5.5.0/CodeSystem-CVX.html\"><code>http://hl7.org/fhir/sid/cvx</code></a></li><li>Include all codes defined in <a href=\"http://terminology.hl7.org/5.5.0/CodeSystem-MVX.html\"><code>http://hl7.org/fhir/sid/mvx</code></a></li></ul></div>"
  },
  "url" : "http://fhirfli.dev/fhir/ig/pythia/ValueSet/VaccineCodesCvxMvx",
  "version" : "0.1.0",
  "name" : "VaccineCodesCvxMvx",
  "status" : "draft",
  "date" : "2024-05-06T15:25:10-04:00",
  "publisher" : "FHIR-FLI",
  "contact" : [{
    "name" : "FHIR-FLI",
    "telecom" : [{
      "system" : "url",
      "value" : "http://fhirfli.dev"
    }]
  }],
  "compose" : {
    "include" : [{
      "system" : "http://hl7.org/fhir/sid/cvx"
    },
    {
      "system" : "http://hl7.org/fhir/sid/mvx"
    }]
  }
}