{
  "resourceType" : "ValueSet",
  "id" : "vaccine-condition-codes-icd10",
  "text" : {
    "status" : "generated",
    "div" : "<div xmlns=\"http://www.w3.org/1999/xhtml\"><p class=\"res-header-id\"><b>Generated Narrative: ValueSet vaccine-condition-codes-icd10</b></p><a name=\"vaccine-condition-codes-icd10\"> </a><a name=\"hcvaccine-condition-codes-icd10\"> </a><ul><li>Include these codes as defined in <code>http://hl7.org/fhir/sid/icd-10-cm</code><span title=\"Version is not explicitly stated. No matching Code System found\"> version Not Stated (use latest from terminology server)</span><table class=\"none\"><tr><td style=\"white-space:nowrap\"><b>Code</b></td><td><b>Display</b></td></tr><tr><td>D84.9</td><td>Immunodeficiency, unspecified</td></tr><tr><td>D83.9</td><td>Common variable immunodeficiency, unspecified</td></tr><tr><td>D80.9</td><td>Immunodeficiency with predominantly antibody defects, unspecified</td></tr><tr><td>D89.9</td><td>Disorder involving immune mechanism, unspecified</td></tr><tr><td>D84.8</td><td>Other specified immunodeficiency disorders</td></tr><tr><td>Z94.84</td><td>Bone marrow transplant status</td></tr><tr><td>T86.00</td><td>Unspecified complication of bone marrow transplant</td></tr><tr><td>T86.09</td><td>Other complications of bone marrow transplant</td></tr><tr><td>B18.2</td><td>Chronic viral hepatitis C</td></tr><tr><td>B17.10</td><td>Acute hepatitis C without hepatic coma</td></tr><tr><td>B17.11</td><td>Acute hepatitis C with hepatic coma</td></tr><tr><td>B19.20</td><td>Unspecified viral hepatitis C without hepatic coma</td></tr><tr><td>Z33.1</td><td>Pregnant state, incidental</td></tr><tr><td>O09.90</td><td>Supervision of high risk pregnancy, unspecified trimester</td></tr><tr><td>Z34.00</td><td>Encounter for supervision of normal first pregnancy, unspecified trimester</td></tr><tr><td>Z34.80</td><td>Encounter for supervision of other normal pregnancy, unspecified trimester</td></tr><tr><td>Z39.1</td><td>Encounter for care and examination of lactating mother</td></tr><tr><td>G96.00</td><td>Cerebrospinal fluid leak, unspecified</td></tr><tr><td>G96.01</td><td>Cranial cerebrospinal fluid leak, spontaneous</td></tr><tr><td>G96.02</td><td>Spinal cerebrospinal fluid leak, spontaneous</td></tr><tr><td>G96.08</td><td>Other cranial cerebrospinal fluid leak</td></tr><tr><td>G96.09</td><td>Other spinal cerebrospinal fluid leak</td></tr><tr><td>Z96.21</td><td>Cochlear implant status</td></tr><tr><td>D81.9</td><td>Combined immunodeficiency, unspecified</td></tr><tr><td>D81.0</td><td>SCID with reticular dysgenesis</td></tr><tr><td>D81.1</td><td>SCID with low T- and B-cell numbers</td></tr><tr><td>D81.2</td><td>SCID with low or normal B-cell numbers</td></tr><tr><td>D81.3</td><td>Adenosine deaminase deficiency</td></tr><tr><td>D81.5</td><td>Purine nucleoside phosphorylase deficiency</td></tr><tr><td>D81.6</td><td>Major histocompatibility complex class I deficiency</td></tr><tr><td>D81.7</td><td>Major histocompatibility complex class II deficiency</td></tr><tr><td>E10.9</td><td>Type 1 diabetes mellitus without complications</td></tr><tr><td>E10.65</td><td>Type 1 diabetes mellitus with hyperglycemia</td></tr><tr><td>E11.9</td><td>Type 2 diabetes mellitus without complications</td></tr><tr><td>E11.65</td><td>Type 2 diabetes mellitus with hyperglycemia</td></tr><tr><td>E13.9</td><td>Other specified diabetes mellitus without complications</td></tr><tr><td>E08.9</td><td>Diabetes mellitus due to underlying condition without complications</td></tr><tr><td>E09.9</td><td>Drug or chemical induced diabetes mellitus without complications</td></tr><tr><td>K70.30</td><td>Alcoholic cirrhosis of liver without ascites</td></tr><tr><td>K70.31</td><td>Alcoholic cirrhosis of liver with ascites</td></tr><tr><td>K73.9</td><td>Chronic hepatitis, unspecified</td></tr><tr><td>K74.0</td><td>Hepatic fibrosis</td></tr><tr><td>K74.60</td><td>Unspecified cirrhosis of liver</td></tr><tr><td>K74.69</td><td>Other cirrhosis of liver</td></tr><tr><td>K76.0</td><td>Fatty liver, not elsewhere classified</td></tr><tr><td>K76.9</td><td>Liver disease, unspecified</td></tr><tr><td>I25.10</td><td>Atherosclerotic heart disease of native coronary artery without angina pectoris</td></tr><tr><td>I25.9</td><td>Chronic ischemic heart disease, unspecified</td></tr><tr><td>I50.9</td><td>Heart failure, unspecified</td></tr><tr><td>I50.20</td><td>Unspecified systolic (congestive) heart failure</td></tr><tr><td>I50.30</td><td>Unspecified diastolic (congestive) heart failure</td></tr><tr><td>I42.9</td><td>Cardiomyopathy, unspecified</td></tr><tr><td>I42.0</td><td>Dilated cardiomyopathy</td></tr><tr><td>Q24.9</td><td>Congenital malformation of heart, unspecified</td></tr><tr><td>J44.9</td><td>Chronic obstructive pulmonary disease, unspecified</td></tr><tr><td>J44.1</td><td>Chronic obstructive pulmonary disease with acute exacerbation</td></tr><tr><td>J43.9</td><td>Emphysema, unspecified</td></tr><tr><td>J84.9</td><td>Interstitial pulmonary disease, unspecified</td></tr><tr><td>J84.10</td><td>Pulmonary fibrosis, unspecified</td></tr><tr><td>J47.9</td><td>Bronchiectasis, uncomplicated</td></tr><tr><td>P27.1</td><td>Bronchopulmonary dysplasia originating in the perinatal period</td></tr><tr><td>D73.0</td><td>Hyposplenism</td></tr><tr><td>Q89.01</td><td>Asplenia (congenital)</td></tr><tr><td>D73.89</td><td>Other diseases of spleen</td></tr><tr><td>Z90.81</td><td>Acquired absence of spleen</td></tr><tr><td>N18.1</td><td>Chronic kidney disease, stage 1</td></tr><tr><td>N18.2</td><td>Chronic kidney disease, stage 2</td></tr><tr><td>N18.30</td><td>Chronic kidney disease, stage 3 unspecified</td></tr><tr><td>N18.4</td><td>Chronic kidney disease, stage 4</td></tr><tr><td>N18.5</td><td>Chronic kidney disease, stage 5</td></tr><tr><td>N18.6</td><td>End stage renal disease</td></tr><tr><td>N18.9</td><td>Chronic kidney disease, unspecified</td></tr><tr><td>Z99.2</td><td>Dependence on renal dialysis</td></tr><tr><td>B20</td><td>Human immunodeficiency virus [HIV] disease</td></tr><tr><td>Z21</td><td>Asymptomatic human immunodeficiency virus [HIV] infection status</td></tr><tr><td>J45.20</td><td>Mild intermittent asthma, uncomplicated</td></tr><tr><td>J45.30</td><td>Mild persistent asthma, uncomplicated</td></tr><tr><td>J45.40</td><td>Moderate persistent asthma, uncomplicated</td></tr><tr><td>J45.50</td><td>Severe persistent asthma, uncomplicated</td></tr><tr><td>J45.909</td><td>Unspecified asthma, uncomplicated</td></tr><tr><td>J45.998</td><td>Other asthma</td></tr><tr><td>K56.1</td><td>Intussusception</td></tr><tr><td>K52.9</td><td>Noninfective gastroenteritis and colitis, unspecified</td></tr><tr><td>A09</td><td>Infectious gastroenteritis and colitis, unspecified</td></tr><tr><td>A08.0</td><td>Rotaviral enteritis</td></tr><tr><td>A08.39</td><td>Other viral enteritis</td></tr><tr><td>A15.0</td><td>Tuberculosis of lung</td></tr><tr><td>A15.9</td><td>Respiratory tuberculosis unspecified</td></tr><tr><td>A18.9</td><td>Tuberculosis of other organs</td></tr><tr><td>A19.9</td><td>Miliary tuberculosis, unspecified</td></tr><tr><td>R76.11</td><td>Nonspecific reaction to tuberculin skin test without active tuberculosis</td></tr><tr><td>Z86.11</td><td>Personal history of tuberculosis</td></tr><tr><td>Z79.82</td><td>Long term (current) use of aspirin</td></tr><tr><td>Z11.3</td><td>Encounter for screening for infections with a predominantly sexual mode of transmission</td></tr><tr><td>Z11.4</td><td>Encounter for screening for human immunodeficiency virus [HIV]</td></tr><tr><td>Z20.2</td><td>Contact with and exposure to infections with a predominantly sexual mode of transmission</td></tr></table></li></ul></div>"
  },
  "url" : "http://fhirfli.dev/fhir/ig/cicada/ValueSet/vaccine-condition-codes-icd10",
  "version" : "0.1.0",
  "name" : "VaccineConditionCodesIcd10",
  "title" : "Vaccine Condition Codes (ICD-10-CM)",
  "status" : "active",
  "date" : "2026-02-11T14:37:07-05:00",
  "publisher" : "FHIR-FLI",
  "contact" : [{
    "name" : "FHIR-FLI",
    "telecom" : [{
      "system" : "url",
      "value" : "http://fhirfli.dev"
    }]
  }],
  "description" : "Value set for conditions based on ICD-10-CM that may impact immunization decisions, mapped to CDSi observation codes.",
  "compose" : {
    "include" : [{
      "system" : "http://hl7.org/fhir/sid/icd-10-cm",
      "concept" : [{
        "code" : "D84.9",
        "display" : "Immunodeficiency, unspecified"
      },
      {
        "code" : "D83.9",
        "display" : "Common variable immunodeficiency, unspecified"
      },
      {
        "code" : "D80.9",
        "display" : "Immunodeficiency with predominantly antibody defects, unspecified"
      },
      {
        "code" : "D89.9",
        "display" : "Disorder involving immune mechanism, unspecified"
      },
      {
        "code" : "D84.8",
        "display" : "Other specified immunodeficiency disorders"
      },
      {
        "code" : "Z94.84",
        "display" : "Bone marrow transplant status"
      },
      {
        "code" : "T86.00",
        "display" : "Unspecified complication of bone marrow transplant"
      },
      {
        "code" : "T86.09",
        "display" : "Other complications of bone marrow transplant"
      },
      {
        "code" : "B18.2",
        "display" : "Chronic viral hepatitis C"
      },
      {
        "code" : "B17.10",
        "display" : "Acute hepatitis C without hepatic coma"
      },
      {
        "code" : "B17.11",
        "display" : "Acute hepatitis C with hepatic coma"
      },
      {
        "code" : "B19.20",
        "display" : "Unspecified viral hepatitis C without hepatic coma"
      },
      {
        "code" : "Z33.1",
        "display" : "Pregnant state, incidental"
      },
      {
        "code" : "O09.90",
        "display" : "Supervision of high risk pregnancy, unspecified trimester"
      },
      {
        "code" : "Z34.00",
        "display" : "Encounter for supervision of normal first pregnancy, unspecified trimester"
      },
      {
        "code" : "Z34.80",
        "display" : "Encounter for supervision of other normal pregnancy, unspecified trimester"
      },
      {
        "code" : "Z39.1",
        "display" : "Encounter for care and examination of lactating mother"
      },
      {
        "code" : "G96.00",
        "display" : "Cerebrospinal fluid leak, unspecified"
      },
      {
        "code" : "G96.01",
        "display" : "Cranial cerebrospinal fluid leak, spontaneous"
      },
      {
        "code" : "G96.02",
        "display" : "Spinal cerebrospinal fluid leak, spontaneous"
      },
      {
        "code" : "G96.08",
        "display" : "Other cranial cerebrospinal fluid leak"
      },
      {
        "code" : "G96.09",
        "display" : "Other spinal cerebrospinal fluid leak"
      },
      {
        "code" : "Z96.21",
        "display" : "Cochlear implant status"
      },
      {
        "code" : "D81.9",
        "display" : "Combined immunodeficiency, unspecified"
      },
      {
        "code" : "D81.0",
        "display" : "SCID with reticular dysgenesis"
      },
      {
        "code" : "D81.1",
        "display" : "SCID with low T- and B-cell numbers"
      },
      {
        "code" : "D81.2",
        "display" : "SCID with low or normal B-cell numbers"
      },
      {
        "code" : "D81.3",
        "display" : "Adenosine deaminase deficiency"
      },
      {
        "code" : "D81.5",
        "display" : "Purine nucleoside phosphorylase deficiency"
      },
      {
        "code" : "D81.6",
        "display" : "Major histocompatibility complex class I deficiency"
      },
      {
        "code" : "D81.7",
        "display" : "Major histocompatibility complex class II deficiency"
      },
      {
        "code" : "E10.9",
        "display" : "Type 1 diabetes mellitus without complications"
      },
      {
        "code" : "E10.65",
        "display" : "Type 1 diabetes mellitus with hyperglycemia"
      },
      {
        "code" : "E11.9",
        "display" : "Type 2 diabetes mellitus without complications"
      },
      {
        "code" : "E11.65",
        "display" : "Type 2 diabetes mellitus with hyperglycemia"
      },
      {
        "code" : "E13.9",
        "display" : "Other specified diabetes mellitus without complications"
      },
      {
        "code" : "E08.9",
        "display" : "Diabetes mellitus due to underlying condition without complications"
      },
      {
        "code" : "E09.9",
        "display" : "Drug or chemical induced diabetes mellitus without complications"
      },
      {
        "code" : "K70.30",
        "display" : "Alcoholic cirrhosis of liver without ascites"
      },
      {
        "code" : "K70.31",
        "display" : "Alcoholic cirrhosis of liver with ascites"
      },
      {
        "code" : "K73.9",
        "display" : "Chronic hepatitis, unspecified"
      },
      {
        "code" : "K74.0",
        "display" : "Hepatic fibrosis"
      },
      {
        "code" : "K74.60",
        "display" : "Unspecified cirrhosis of liver"
      },
      {
        "code" : "K74.69",
        "display" : "Other cirrhosis of liver"
      },
      {
        "code" : "K76.0",
        "display" : "Fatty liver, not elsewhere classified"
      },
      {
        "code" : "K76.9",
        "display" : "Liver disease, unspecified"
      },
      {
        "code" : "I25.10",
        "display" : "Atherosclerotic heart disease of native coronary artery without angina pectoris"
      },
      {
        "code" : "I25.9",
        "display" : "Chronic ischemic heart disease, unspecified"
      },
      {
        "code" : "I50.9",
        "display" : "Heart failure, unspecified"
      },
      {
        "code" : "I50.20",
        "display" : "Unspecified systolic (congestive) heart failure"
      },
      {
        "code" : "I50.30",
        "display" : "Unspecified diastolic (congestive) heart failure"
      },
      {
        "code" : "I42.9",
        "display" : "Cardiomyopathy, unspecified"
      },
      {
        "code" : "I42.0",
        "display" : "Dilated cardiomyopathy"
      },
      {
        "code" : "Q24.9",
        "display" : "Congenital malformation of heart, unspecified"
      },
      {
        "code" : "J44.9",
        "display" : "Chronic obstructive pulmonary disease, unspecified"
      },
      {
        "code" : "J44.1",
        "display" : "Chronic obstructive pulmonary disease with acute exacerbation"
      },
      {
        "code" : "J43.9",
        "display" : "Emphysema, unspecified"
      },
      {
        "code" : "J84.9",
        "display" : "Interstitial pulmonary disease, unspecified"
      },
      {
        "code" : "J84.10",
        "display" : "Pulmonary fibrosis, unspecified"
      },
      {
        "code" : "J47.9",
        "display" : "Bronchiectasis, uncomplicated"
      },
      {
        "code" : "P27.1",
        "display" : "Bronchopulmonary dysplasia originating in the perinatal period"
      },
      {
        "code" : "D73.0",
        "display" : "Hyposplenism"
      },
      {
        "code" : "Q89.01",
        "display" : "Asplenia (congenital)"
      },
      {
        "code" : "D73.89",
        "display" : "Other diseases of spleen"
      },
      {
        "code" : "Z90.81",
        "display" : "Acquired absence of spleen"
      },
      {
        "code" : "N18.1",
        "display" : "Chronic kidney disease, stage 1"
      },
      {
        "code" : "N18.2",
        "display" : "Chronic kidney disease, stage 2"
      },
      {
        "code" : "N18.30",
        "display" : "Chronic kidney disease, stage 3 unspecified"
      },
      {
        "code" : "N18.4",
        "display" : "Chronic kidney disease, stage 4"
      },
      {
        "code" : "N18.5",
        "display" : "Chronic kidney disease, stage 5"
      },
      {
        "code" : "N18.6",
        "display" : "End stage renal disease"
      },
      {
        "code" : "N18.9",
        "display" : "Chronic kidney disease, unspecified"
      },
      {
        "code" : "Z99.2",
        "display" : "Dependence on renal dialysis"
      },
      {
        "code" : "B20",
        "display" : "Human immunodeficiency virus [HIV] disease"
      },
      {
        "code" : "Z21",
        "display" : "Asymptomatic human immunodeficiency virus [HIV] infection status"
      },
      {
        "code" : "J45.20",
        "display" : "Mild intermittent asthma, uncomplicated"
      },
      {
        "code" : "J45.30",
        "display" : "Mild persistent asthma, uncomplicated"
      },
      {
        "code" : "J45.40",
        "display" : "Moderate persistent asthma, uncomplicated"
      },
      {
        "code" : "J45.50",
        "display" : "Severe persistent asthma, uncomplicated"
      },
      {
        "code" : "J45.909",
        "display" : "Unspecified asthma, uncomplicated"
      },
      {
        "code" : "J45.998",
        "display" : "Other asthma"
      },
      {
        "code" : "K56.1",
        "display" : "Intussusception"
      },
      {
        "code" : "K52.9",
        "display" : "Noninfective gastroenteritis and colitis, unspecified"
      },
      {
        "code" : "A09",
        "display" : "Infectious gastroenteritis and colitis, unspecified"
      },
      {
        "code" : "A08.0",
        "display" : "Rotaviral enteritis"
      },
      {
        "code" : "A08.39",
        "display" : "Other viral enteritis"
      },
      {
        "code" : "A15.0",
        "display" : "Tuberculosis of lung"
      },
      {
        "code" : "A15.9",
        "display" : "Respiratory tuberculosis unspecified"
      },
      {
        "code" : "A18.9",
        "display" : "Tuberculosis of other organs"
      },
      {
        "code" : "A19.9",
        "display" : "Miliary tuberculosis, unspecified"
      },
      {
        "code" : "R76.11",
        "display" : "Nonspecific reaction to tuberculin skin test without active tuberculosis"
      },
      {
        "code" : "Z86.11",
        "display" : "Personal history of tuberculosis"
      },
      {
        "code" : "Z79.82",
        "display" : "Long term (current) use of aspirin"
      },
      {
        "code" : "Z11.3",
        "display" : "Encounter for screening for infections with a predominantly sexual mode of transmission"
      },
      {
        "code" : "Z11.4",
        "display" : "Encounter for screening for human immunodeficiency virus [HIV]"
      },
      {
        "code" : "Z20.2",
        "display" : "Contact with and exposure to infections with a predominantly sexual mode of transmission"
      }]
    }]
  }
}