{
  "codeSystems" : [
    {
      "url" : "http://fhirfli.dev/fhir/ig/pythia/ValueSet/VaccineCodesCvxMvx",
      "version" : "0.1.0",
      "status" : "draft",
      "name" : "VaccineCodesCvxMvx",
      "title" : null,
      "description" : null,
      "systems" : ["http://hl7.org/fhir/sid/mvx", "http://hl7.org/fhir/sid/cvx"],
      "uses" : {
      },
      "StructureDefinition-vax-dose.html" : "Dose of a Vaccine",
      "StructureDefinition-MedicationRequestProfile.html" : "Medication Request Profile with Vaccine Codes",
      "StructureDefinition-MedicationDispenseProfile.html" : "Medication Dispense Profile with Vaccine Codes",
      "StructureDefinition-MedicationStatementProfile.html" : "Medication Statement Profile with Vaccine Codes",
      "StructureDefinition-ReactionProfile.html" : "Allergy Intolerance Profile with Vaccine Codes",
      "StructureDefinition-MedicationAdministrationProfile.html" : "Medication Administration Profile with Vaccine Codes"
    },
    {
      "url" : "http://fhirfli.dev/fhir/ig/pythia/ValueSet/eval-reason",
      "version" : "0.1.0",
      "status" : "draft",
      "name" : "EvalReasonVS",
      "title" : "Evaluation Reason",
      "description" : "The reason for the evaluation.",
      "systems" : ["http://fhirfli.dev/fhir/ig/pythia/CodeSystem/EvalReason"],
      "uses" : {
      },
      "StructureDefinition-vax-dose.html" : "Dose of a Vaccine"
    },
    {
      "url" : "http://fhirfli.dev/fhir/ig/pythia/ValueSet/eval-status",
      "version" : "0.1.0",
      "status" : "draft",
      "name" : "EvalStatusVS",
      "title" : "Evaluation Status Value Set",
      "description" : "Value Set for the status of the result of an evaluation.",
      "systems" : ["http://fhirfli.dev/fhir/ig/pythia/CodeSystem/EvalStatus"],
      "uses" : {
      },
      "StructureDefinition-vax-dose.html" : "Dose of a Vaccine"
    },
    {
      "url" : "http://fhirfli.dev/fhir/ig/pythia/ValueSet/interval-reason",
      "version" : "0.1.0",
      "status" : "draft",
      "name" : "IntervalReasonVS",
      "title" : "Interval Reason",
      "description" : "This value set includes codes for the reason an interval is considered to be invalid.",
      "systems" : [
        "http://fhirfli.dev/fhir/ig/pythia/CodeSystem/IntervalReason"
      ],
      "uses" : {
      },
      "StructureDefinition-preferred-interval-reason.html" : "Preferred Interval Reason",
      "StructureDefinition-allowed-interval-reason.html" : "Allowed Interval Reason"
    },
    {
      "url" : "http://fhirfli.dev/fhir/ig/pythia/ValueSet/preferred-allowed-reason",
      "version" : "0.1.0",
      "status" : "draft",
      "name" : "PreferredAllowedReasonVS",
      "title" : "Reasons why certain doses are Preferred or Allowed doses",
      "description" : "Reasons why certain doses are Preferred or Allowed doses",
      "systems" : [
        "http://fhirfli.dev/fhir/ig/pythia/CodeSystem/PreferredAllowedReason"
      ],
      "uses" : {
      },
      "StructureDefinition-allowed-vaccine-reason.html" : "Allowed Vaccine Reason",
      "StructureDefinition-preferred-vaccine-reason.html" : "Preferred Vaccine Reason"
    },
    {
      "url" : "http://fhirfli.dev/fhir/ig/pythia/ValueSet/procedures",
      "version" : "0.1.0",
      "status" : "draft",
      "name" : "ImmunizationProceduresSnomed",
      "title" : "Procedures",
      "description" : "Comprehensive Value Set for medical procedures based on SNOMED CT codes.",
      "systems" : ["http://snomed.info/sct"],
      "uses" : {
      },
      "StructureDefinition-ProcedureProfile.html" : "Immunization Procedures Profile"
    },
    {
      "url" : "http://fhirfli.dev/fhir/ig/pythia/ValueSet/vaccine-condition-codes-snomed",
      "version" : "0.1.0",
      "status" : "draft",
      "name" : "VaccineConditionCodesSnomed",
      "title" : "Vaccine Condition Codes",
      "description" : "Value set for conditions based on SNOMED CT, that may impact immunization.",
      "systems" : ["http://snomed.info/sct"],
      "uses" : {
      },
      "StructureDefinition-VaccineConditionFhir.html" : "Condition Profile with Vaccine Condition Codes",
      "StructureDefinition-VaccineObservationFhir.html" : "Condition Profile with Vaccine Condition Codes"
    },
    {
      "url" : "http://fhirfli.dev/fhir/ig/pythia/ValueSet/vaccine-gender",
      "version" : "0.1.0",
      "status" : "draft",
      "name" : "VaccineGenderVS",
      "title" : "Vaccine Gender",
      "description" : "Value set for gender categories relevant to vaccination data.",
      "systems" : ["http://fhirfli.dev/fhir/ig/pythia/CodeSystem/VaccineGender"],
      "uses" : {
      },
      "StructureDefinition-vax-patient.html" : "Vaccination Patient"
    },
    {
      "url" : "http://fhirfli.dev/fhir/ig/pythia/ValueSet/vaccine-medication-codes-snomed",
      "version" : "0.1.0",
      "status" : "draft",
      "name" : "VaccineMedicationCodesSnomed",
      "title" : "Medications",
      "description" : "Value set for medications and substances based on SNOMED CT, including both active ingredients and marketed products.",
      "systems" : ["http://snomed.info/sct"]
    },
    {
      "url" : "http://fhirfli.dev/fhir/ig/pythia/ValueSet/valid-age-reason",
      "version" : "0.1.0",
      "status" : "draft",
      "name" : "ValidAgeReasonVS",
      "title" : "Valid Age Reason",
      "description" : "Value set for reasons why a patient's age is considered valid/invalid for a vaccine.",
      "systems" : [
        "http://fhirfli.dev/fhir/ig/pythia/CodeSystem/ValidAgeReason"
      ],
      "uses" : {
      },
      "StructureDefinition-valid-age-reason.html" : "Valid Age Reason"
    },
    {
      "url" : "http://hl7.org/fhir/ValueSet/administration-method-codes",
      "version" : "4.0.1",
      "status" : "draft",
      "name" : "SNOMEDCTAdministrationMethodCodes",
      "title" : "SNOMED CT Administration Method Codes",
      "description" : "This value set includes some method codes from SNOMED CT - provided as an exemplar",
      "systems" : ["http://snomed.info/sct"],
      "oids" : ["2.16.840.1.113883.4.642.3.97"],
      "sources" : ["2.16.840.1.113883.4.642.3.97"],
      "uses" : {
      },
      "StructureDefinition-MedicationAdministrationProfile.html" : "Medication Administration Profile with Vaccine Codes"
    },
    {
      "url" : "http://hl7.org/fhir/ValueSet/administrative-gender",
      "version" : "4.0.1",
      "status" : "active",
      "name" : "AdministrativeGender",
      "title" : "AdministrativeGender",
      "description" : "The gender of a person used for administrative purposes.",
      "systems" : ["http://hl7.org/fhir/administrative-gender"],
      "oids" : ["2.16.840.1.113883.4.642.3.1"],
      "sources" : ["2.16.840.1.113883.4.642.3.1"],
      "uses" : {
      },
      "StructureDefinition-vax-patient.html" : "Vaccination Patient"
    },
    {
      "url" : "http://hl7.org/fhir/ValueSet/allergy-intolerance-category",
      "version" : "4.0.1",
      "status" : "draft",
      "name" : "AllergyIntoleranceCategory",
      "title" : "AllergyIntoleranceCategory",
      "description" : "Category of an identified substance associated with allergies or intolerances.",
      "systems" : ["http://hl7.org/fhir/allergy-intolerance-category"],
      "oids" : ["2.16.840.1.113883.4.642.3.133"],
      "sources" : ["2.16.840.1.113883.4.642.3.133"],
      "uses" : {
      },
      "StructureDefinition-ReactionProfile.html" : "Allergy Intolerance Profile with Vaccine Codes"
    },
    {
      "url" : "http://hl7.org/fhir/ValueSet/allergy-intolerance-criticality",
      "version" : "4.0.1",
      "status" : "draft",
      "name" : "AllergyIntoleranceCriticality",
      "title" : "AllergyIntoleranceCriticality",
      "description" : "Estimate of the potential clinical harm, or seriousness, of a reaction to an identified substance.",
      "systems" : ["http://hl7.org/fhir/allergy-intolerance-criticality"],
      "oids" : ["2.16.840.1.113883.4.642.3.129"],
      "sources" : ["2.16.840.1.113883.4.642.3.129"],
      "uses" : {
      },
      "StructureDefinition-ReactionProfile.html" : "Allergy Intolerance Profile with Vaccine Codes"
    },
    {
      "url" : "http://hl7.org/fhir/ValueSet/allergy-intolerance-type",
      "version" : "4.0.1",
      "status" : "draft",
      "name" : "AllergyIntoleranceType",
      "title" : "AllergyIntoleranceType",
      "description" : "Identification of the underlying physiological mechanism for a Reaction Risk.",
      "systems" : ["http://hl7.org/fhir/allergy-intolerance-type"],
      "oids" : ["2.16.840.1.113883.4.642.3.131"],
      "sources" : ["2.16.840.1.113883.4.642.3.131"],
      "uses" : {
      },
      "StructureDefinition-ReactionProfile.html" : "Allergy Intolerance Profile with Vaccine Codes"
    },
    {
      "url" : "http://hl7.org/fhir/ValueSet/allergyintolerance-clinical",
      "version" : "4.0.1",
      "status" : "draft",
      "name" : "AllergyIntoleranceClinicalStatusCodes",
      "title" : "AllergyIntolerance Clinical Status Codes",
      "description" : "Preferred value set for AllergyIntolerance Clinical Status.",
      "systems" : [
        "http://terminology.hl7.org/CodeSystem/allergyintolerance-clinical"
      ],
      "oids" : ["2.16.840.1.113883.4.642.3.1372"],
      "sources" : ["2.16.840.1.113883.4.642.3.1372"],
      "uses" : {
      },
      "StructureDefinition-ReactionProfile.html" : "Allergy Intolerance Profile with Vaccine Codes"
    },
    {
      "url" : "http://hl7.org/fhir/ValueSet/allergyintolerance-code",
      "version" : "4.0.1",
      "status" : "draft",
      "name" : "AllergyIntoleranceSubstance/Product,ConditionAndNegationCodes",
      "title" : "AllergyIntolerance Substance/Product, Condition and Negation Codes",
      "description" : "This value set includes concept codes for specific substances/pharmaceutical products, allergy or intolerance conditions, and negation/exclusion codes to specify the absence of specific types of allergies or intolerances.",
      "systems" : ["http://snomed.info/sct"],
      "oids" : ["2.16.840.1.113883.4.642.3.137"],
      "sources" : ["2.16.840.1.113883.4.642.3.137"],
      "uses" : {
      },
      "StructureDefinition-ReactionProfile.html" : "Allergy Intolerance Profile with Vaccine Codes"
    },
    {
      "url" : "http://hl7.org/fhir/ValueSet/allergyintolerance-verification",
      "version" : "4.0.1",
      "status" : "draft",
      "name" : "AllergyIntoleranceVerificationStatusCodes",
      "title" : "AllergyIntolerance Verification Status Codes",
      "description" : "Preferred value set for AllergyIntolerance Verification Status.",
      "systems" : [
        "http://terminology.hl7.org/CodeSystem/allergyintolerance-verification"
      ],
      "oids" : ["2.16.840.1.113883.4.642.3.1370"],
      "sources" : ["2.16.840.1.113883.4.642.3.1370"],
      "uses" : {
      },
      "StructureDefinition-ReactionProfile.html" : "Allergy Intolerance Profile with Vaccine Codes"
    },
    {
      "url" : "http://hl7.org/fhir/ValueSet/approach-site-codes",
      "version" : "4.0.1",
      "status" : "draft",
      "name" : "SNOMEDCTAnatomicalStructureForAdministrationSiteCodes",
      "title" : "SNOMED CT Anatomical Structure for Administration Site Codes",
      "description" : "This value set includes Anatomical Structure codes from SNOMED CT - provided as an exemplar.",
      "systems" : ["http://snomed.info/sct"],
      "oids" : ["2.16.840.1.113883.4.642.3.346"],
      "sources" : ["2.16.840.1.113883.4.642.3.346"],
      "uses" : {
      },
      "StructureDefinition-MedicationAdministrationProfile.html" : "Medication Administration Profile with Vaccine Codes"
    },
    {
      "url" : "http://hl7.org/fhir/ValueSet/body-site",
      "version" : "4.0.1",
      "status" : "draft",
      "name" : "SNOMEDCTBodyStructures",
      "title" : "SNOMED CT Body Structures",
      "description" : "This value set includes all codes from [SNOMED CT](http://snomed.info/sct) where concept is-a 442083009 (Anatomical or acquired body site (body structure)).",
      "systems" : ["http://snomed.info/sct"],
      "oids" : ["2.16.840.1.113883.4.642.3.141"],
      "sources" : ["2.16.840.1.113883.4.642.3.141"],
      "uses" : {
      },
      "StructureDefinition-VaccineConditionFhir.html" : "Condition Profile with Vaccine Condition Codes",
      "StructureDefinition-VaccineObservationFhir.html" : "Condition Profile with Vaccine Condition Codes",
      "StructureDefinition-ProcedureProfile.html" : "Immunization Procedures Profile"
    },
    {
      "url" : "http://hl7.org/fhir/ValueSet/clinical-findings",
      "version" : "4.0.1",
      "status" : "draft",
      "name" : "SNOMEDCTClinicalFindings",
      "title" : "SNOMED CT Clinical Findings",
      "description" : "This value set includes all the \"Clinical finding\" [SNOMED CT](http://snomed.info/sct) codes - concepts where concept is-a 404684003 (Clinical finding (finding)).",
      "systems" : ["http://snomed.info/sct"],
      "oids" : ["2.16.840.1.113883.4.642.3.232"],
      "sources" : ["2.16.840.1.113883.4.642.3.232"],
      "uses" : {
      },
      "StructureDefinition-ReactionProfile.html" : "Allergy Intolerance Profile with Vaccine Codes"
    },
    {
      "url" : "http://hl7.org/fhir/ValueSet/condition-category",
      "version" : "4.0.1",
      "status" : "draft",
      "name" : "ConditionCategoryCodes",
      "title" : "Condition Category Codes",
      "description" : "Preferred value set for Condition Categories.",
      "systems" : ["http://terminology.hl7.org/CodeSystem/condition-category"],
      "oids" : ["2.16.840.1.113883.4.642.3.162"],
      "sources" : ["2.16.840.1.113883.4.642.3.162"],
      "uses" : {
      },
      "StructureDefinition-VaccineConditionFhir.html" : "Condition Profile with Vaccine Condition Codes",
      "StructureDefinition-VaccineObservationFhir.html" : "Condition Profile with Vaccine Condition Codes"
    },
    {
      "url" : "http://hl7.org/fhir/ValueSet/condition-clinical",
      "version" : "4.0.1",
      "status" : "draft",
      "name" : "ConditionClinicalStatusCodes",
      "title" : "Condition Clinical Status Codes",
      "description" : "Preferred value set for Condition Clinical Status.",
      "systems" : ["http://terminology.hl7.org/CodeSystem/condition-clinical"],
      "oids" : ["2.16.840.1.113883.4.642.3.164"],
      "sources" : ["2.16.840.1.113883.4.642.3.164"],
      "uses" : {
      },
      "StructureDefinition-VaccineConditionFhir.html" : "Condition Profile with Vaccine Condition Codes",
      "StructureDefinition-VaccineObservationFhir.html" : "Condition Profile with Vaccine Condition Codes"
    },
    {
      "url" : "http://hl7.org/fhir/ValueSet/condition-code",
      "version" : "4.0.1",
      "status" : "draft",
      "name" : "Condition/Problem/DiagnosisCodes",
      "title" : "Condition/Problem/Diagnosis Codes",
      "description" : "Example value set for Condition/Problem/Diagnosis codes.",
      "systems" : ["http://snomed.info/sct"],
      "oids" : ["2.16.840.1.113883.4.642.3.161"],
      "sources" : ["2.16.840.1.113883.4.642.3.161"],
      "uses" : {
      },
      "StructureDefinition-MedicationRequestProfile.html" : "Medication Request Profile with Vaccine Codes",
      "StructureDefinition-MedicationStatementProfile.html" : "Medication Statement Profile with Vaccine Codes",
      "StructureDefinition-ProcedureProfile.html" : "Immunization Procedures Profile"
    },
    {
      "url" : "http://hl7.org/fhir/ValueSet/condition-severity",
      "version" : "4.0.1",
      "status" : "draft",
      "name" : "Condition/DiagnosisSeverity",
      "title" : "Condition/Diagnosis Severity",
      "description" : "Preferred value set for Condition/Diagnosis severity grading.",
      "systems" : ["http://snomed.info/sct"],
      "oids" : ["2.16.840.1.113883.4.642.3.168"],
      "sources" : ["2.16.840.1.113883.4.642.3.168"],
      "uses" : {
      },
      "StructureDefinition-VaccineConditionFhir.html" : "Condition Profile with Vaccine Condition Codes",
      "StructureDefinition-VaccineObservationFhir.html" : "Condition Profile with Vaccine Condition Codes"
    },
    {
      "url" : "http://hl7.org/fhir/ValueSet/condition-stage",
      "version" : "4.0.1",
      "status" : "draft",
      "name" : "ConditionStage",
      "title" : "Condition Stage",
      "description" : "Example value set for stages of cancer and other conditions.",
      "systems" : ["http://snomed.info/sct"],
      "oids" : ["2.16.840.1.113883.4.642.3.170"],
      "sources" : ["2.16.840.1.113883.4.642.3.170"],
      "uses" : {
      },
      "StructureDefinition-VaccineConditionFhir.html" : "Condition Profile with Vaccine Condition Codes",
      "StructureDefinition-VaccineObservationFhir.html" : "Condition Profile with Vaccine Condition Codes"
    },
    {
      "url" : "http://hl7.org/fhir/ValueSet/condition-stage-type",
      "version" : "4.0.1",
      "status" : "draft",
      "name" : "ConditionStageType",
      "title" : "Condition Stage Type",
      "description" : "Example value set for the type of stages of cancer and other conditions",
      "systems" : ["http://snomed.info/sct"],
      "oids" : ["2.16.840.1.113883.4.642.3.171"],
      "sources" : ["2.16.840.1.113883.4.642.3.171"],
      "uses" : {
      },
      "StructureDefinition-VaccineConditionFhir.html" : "Condition Profile with Vaccine Condition Codes",
      "StructureDefinition-VaccineObservationFhir.html" : "Condition Profile with Vaccine Condition Codes"
    },
    {
      "url" : "http://hl7.org/fhir/ValueSet/condition-ver-status",
      "version" : "4.0.1",
      "status" : "draft",
      "name" : "ConditionVerificationStatus",
      "title" : "ConditionVerificationStatus",
      "description" : "The verification status to support or decline the clinical status of the condition or diagnosis.",
      "systems" : ["http://terminology.hl7.org/CodeSystem/condition-ver-status"],
      "oids" : ["2.16.840.1.113883.4.642.3.166"],
      "sources" : ["2.16.840.1.113883.4.642.3.166"],
      "uses" : {
      },
      "StructureDefinition-VaccineConditionFhir.html" : "Condition Profile with Vaccine Condition Codes",
      "StructureDefinition-VaccineObservationFhir.html" : "Condition Profile with Vaccine Condition Codes"
    },
    {
      "url" : "http://hl7.org/fhir/ValueSet/device-action",
      "version" : "4.0.1",
      "status" : "draft",
      "name" : "ProcedureDeviceActionCodes",
      "title" : "Procedure Device Action Codes",
      "description" : "Example codes indicating the change that happened to the device during the procedure.  Note that these are in no way complete and might not even be appropriate for some uses.",
      "systems" : ["http://snomed.info/sct"],
      "oids" : ["2.16.840.1.113883.4.642.3.425"],
      "sources" : ["2.16.840.1.113883.4.642.3.425"],
      "uses" : {
      },
      "StructureDefinition-ProcedureProfile.html" : "Immunization Procedures Profile"
    },
    {
      "url" : "http://hl7.org/fhir/ValueSet/device-kind",
      "version" : "4.0.1",
      "status" : "draft",
      "name" : "FHIRDeviceTypes",
      "title" : "FHIR Device Types",
      "description" : "Codes used to identify medical devices. Includes concepts from SNOMED CT (http://www.snomed.org/) where concept is-a 49062001 (Device)  and is provided as a suggestive example.",
      "systems" : ["http://snomed.info/sct"],
      "oids" : ["2.16.840.1.113883.4.642.3.208"],
      "sources" : ["2.16.840.1.113883.4.642.3.208"],
      "uses" : {
      },
      "StructureDefinition-ProcedureProfile.html" : "Immunization Procedures Profile"
    },
    {
      "url" : "http://hl7.org/fhir/ValueSet/event-status",
      "version" : "4.0.1",
      "status" : "draft",
      "name" : "EventStatus",
      "title" : "EventStatus",
      "description" : "Codes identifying the lifecycle stage of an event.",
      "systems" : ["http://hl7.org/fhir/event-status"],
      "oids" : ["2.16.840.1.113883.4.642.3.109"],
      "sources" : ["2.16.840.1.113883.4.642.3.109"],
      "uses" : {
      },
      "StructureDefinition-ProcedureProfile.html" : "Immunization Procedures Profile"
    },
    {
      "url" : "http://hl7.org/fhir/ValueSet/identifier-type",
      "version" : "4.0.1",
      "status" : "active",
      "name" : "Identifier Type Codes",
      "title" : "IdentifierType",
      "description" : "A coded type for an identifier that can be used to determine which identifier to use for a specific purpose.",
      "systems" : ["http://terminology.hl7.org/CodeSystem/v2-0203"],
      "oids" : ["2.16.840.1.113883.4.642.3.45"],
      "sources" : ["2.16.840.1.113883.4.642.3.45"],
      "uses" : {
      },
      "StructureDefinition-Vaccine.html" : "Vaccine"
    },
    {
      "url" : "http://hl7.org/fhir/ValueSet/identifier-use",
      "version" : "4.0.1",
      "status" : "active",
      "name" : "IdentifierUse",
      "title" : "IdentifierUse",
      "description" : "Identifies the purpose for this identifier, if known .",
      "systems" : ["http://hl7.org/fhir/identifier-use"],
      "oids" : ["2.16.840.1.113883.4.642.3.57"],
      "sources" : ["2.16.840.1.113883.4.642.3.57"],
      "uses" : {
      },
      "StructureDefinition-Vaccine.html" : "Vaccine"
    },
    {
      "url" : "http://hl7.org/fhir/ValueSet/immunization-function",
      "version" : "4.0.1",
      "status" : "draft",
      "name" : "ImmunizationFunctionCodes",
      "title" : "Immunization Function Codes",
      "description" : "The value set to instantiate this attribute should be drawn from a terminologically robust code system that consists of or contains concepts to support describing the function a practitioner or organization may play in the immunization event. This value set is provided as a suggestive example.",
      "systems" : ["http://terminology.hl7.org/CodeSystem/v2-0443"],
      "oids" : ["2.16.840.1.113883.4.642.3.995"],
      "sources" : ["2.16.840.1.113883.4.642.3.995"],
      "uses" : {
      },
      "StructureDefinition-vax-dose.html" : "Dose of a Vaccine"
    },
    {
      "url" : "http://hl7.org/fhir/ValueSet/immunization-funding-source",
      "version" : "4.0.1",
      "status" : "draft",
      "name" : "ImmunizationFundingSource",
      "title" : "Immunization Funding Source",
      "description" : "The value set to instantiate this attribute should be drawn from a terminologically robust code system that consists of or contains concepts to support describing the source of the vaccine administered. This value set is provided as a suggestive example.",
      "systems" : [
        "http://terminology.hl7.org/CodeSystem/immunization-funding-source"
      ],
      "oids" : ["2.16.840.1.113883.4.642.3.293"],
      "sources" : ["2.16.840.1.113883.4.642.3.293"],
      "uses" : {
      },
      "StructureDefinition-vax-dose.html" : "Dose of a Vaccine"
    },
    {
      "url" : "http://hl7.org/fhir/ValueSet/immunization-origin",
      "version" : "4.0.1",
      "status" : "draft",
      "name" : "ImmunizationOriginCodes",
      "title" : "Immunization Origin Codes",
      "description" : "The value set to instantiate this attribute should be drawn from a terminologically robust code system that consists of or contains concepts to support describing the source of the data when the report of the immunization event is not based on information from the person, entity or organization who administered the vaccine. This value set is provided as a suggestive example.",
      "systems" : ["http://terminology.hl7.org/CodeSystem/immunization-origin"],
      "oids" : ["2.16.840.1.113883.4.642.3.296"],
      "sources" : ["2.16.840.1.113883.4.642.3.296"],
      "uses" : {
      },
      "StructureDefinition-vax-dose.html" : "Dose of a Vaccine"
    },
    {
      "url" : "http://hl7.org/fhir/ValueSet/immunization-program-eligibility",
      "version" : "4.0.1",
      "status" : "draft",
      "name" : "ImmunizationProgramEligibility",
      "title" : "Immunization Program Eligibility",
      "description" : "The value set to instantiate this attribute should be drawn from a terminologically robust code system that consists of or contains concepts to support describing the patient's eligibility for a vaccination program. This value set is provided as a suggestive example.",
      "systems" : [
        "http://terminology.hl7.org/CodeSystem/immunization-program-eligibility"
      ],
      "oids" : ["2.16.840.1.113883.4.642.3.291"],
      "sources" : ["2.16.840.1.113883.4.642.3.291"],
      "uses" : {
      },
      "StructureDefinition-vax-dose.html" : "Dose of a Vaccine"
    },
    {
      "url" : "http://hl7.org/fhir/ValueSet/immunization-reason",
      "version" : "4.0.1",
      "status" : "draft",
      "name" : "ImmunizationReasonCodes",
      "title" : "Immunization Reason Codes",
      "description" : "The value set to instantiate this attribute should be drawn from a terminologically robust code system that consists of or contains concepts to support describing the reason why a dose of vaccine was administered. This value set is provided as a suggestive example.",
      "systems" : ["http://snomed.info/sct"],
      "oids" : ["2.16.840.1.113883.4.642.3.290"],
      "sources" : ["2.16.840.1.113883.4.642.3.290"],
      "uses" : {
      },
      "StructureDefinition-vax-dose.html" : "Dose of a Vaccine"
    },
    {
      "url" : "http://hl7.org/fhir/ValueSet/immunization-route",
      "version" : "4.0.1",
      "status" : "draft",
      "name" : "ImmunizationRouteCodes",
      "title" : "Immunization Route Codes",
      "description" : "The value set to instantiate this attribute should be drawn from a terminologically robust code system that consists of or contains concepts to support describing the administrative routes used during vaccination. This value set is provided as a suggestive example.",
      "systems" : [
        "http://terminology.hl7.org/CodeSystem/v3-RouteOfAdministration"
      ],
      "oids" : ["2.16.840.1.113883.4.642.3.289"],
      "sources" : ["2.16.840.1.113883.4.642.3.289"],
      "uses" : {
      },
      "StructureDefinition-vax-dose.html" : "Dose of a Vaccine"
    },
    {
      "url" : "http://hl7.org/fhir/ValueSet/immunization-site",
      "version" : "4.0.1",
      "status" : "draft",
      "name" : "CodesForImmunizationSiteOfAdministration",
      "title" : "Codes for Immunization Site of Administration",
      "description" : "The value set to instantiate this attribute should be drawn from a terminologically robust code system that consists of or contains concepts to support describing the body site where the vaccination occurred. This value set is provided as a suggestive example.",
      "systems" : ["http://terminology.hl7.org/CodeSystem/v3-ActSite"],
      "oids" : ["2.16.840.1.113883.4.642.3.288"],
      "sources" : ["2.16.840.1.113883.4.642.3.288"],
      "uses" : {
      },
      "StructureDefinition-vax-dose.html" : "Dose of a Vaccine"
    },
    {
      "url" : "http://hl7.org/fhir/ValueSet/immunization-subpotent-reason",
      "version" : "4.0.1",
      "status" : "draft",
      "name" : "ImmunizationSubpotentReason",
      "title" : "Immunization Subpotent Reason",
      "description" : "The value set to instantiate this attribute should be drawn from a terminologically robust code system that consists of or contains concepts to support describing the reason why a dose is considered to be subpotent. This value set is provided as a suggestive example.",
      "systems" : [
        "http://terminology.hl7.org/CodeSystem/immunization-subpotent-reason"
      ],
      "oids" : ["2.16.840.1.113883.4.642.3.993"],
      "sources" : ["2.16.840.1.113883.4.642.3.993"],
      "uses" : {
      },
      "StructureDefinition-vax-dose.html" : "Dose of a Vaccine"
    },
    {
      "url" : "http://hl7.org/fhir/ValueSet/languages",
      "version" : "4.0.1",
      "status" : "draft",
      "name" : "CommonLanguages",
      "title" : "Common Languages",
      "description" : "This value set includes common codes from BCP-47 (http://tools.ietf.org/html/bcp47)",
      "systems" : ["urn:ietf:bcp:47"],
      "oids" : ["2.16.840.1.113883.4.642.3.20"],
      "sources" : ["2.16.840.1.113883.4.642.3.20"],
      "uses" : {
      },
      "StructureDefinition-vax-dose.html" : "Dose of a Vaccine",
      "StructureDefinition-MedicationRequestProfile.html" : "Medication Request Profile with Vaccine Codes",
      "StructureDefinition-vax-patient.html" : "Vaccination Patient",
      "StructureDefinition-VaccineConditionFhir.html" : "Condition Profile with Vaccine Condition Codes",
      "StructureDefinition-MedicationDispenseProfile.html" : "Medication Dispense Profile with Vaccine Codes",
      "StructureDefinition-VaccineObservationFhir.html" : "Condition Profile with Vaccine Condition Codes",
      "StructureDefinition-MedicationStatementProfile.html" : "Medication Statement Profile with Vaccine Codes",
      "StructureDefinition-ReactionProfile.html" : "Allergy Intolerance Profile with Vaccine Codes",
      "StructureDefinition-Vaccine.html" : "Vaccine",
      "StructureDefinition-MedicationAdministrationProfile.html" : "Medication Administration Profile with Vaccine Codes",
      "StructureDefinition-ProcedureProfile.html" : "Immunization Procedures Profile"
    },
    {
      "url" : "http://hl7.org/fhir/ValueSet/link-type",
      "version" : "4.0.1",
      "status" : "active",
      "name" : "LinkType",
      "title" : "LinkType",
      "description" : "The type of link between this patient resource and another patient resource.",
      "systems" : ["http://hl7.org/fhir/link-type"],
      "oids" : ["2.16.840.1.113883.4.642.3.423"],
      "sources" : ["2.16.840.1.113883.4.642.3.423"],
      "uses" : {
      },
      "StructureDefinition-vax-patient.html" : "Vaccination Patient"
    },
    {
      "url" : "http://hl7.org/fhir/ValueSet/manifestation-or-symptom",
      "version" : "4.0.1",
      "status" : "draft",
      "name" : "ManifestationAndSymptomCodes",
      "title" : "Manifestation and Symptom Codes",
      "description" : "Example value set for Manifestation and Symptom codes.",
      "systems" : ["http://snomed.info/sct"],
      "oids" : ["2.16.840.1.113883.4.642.3.169"],
      "sources" : ["2.16.840.1.113883.4.642.3.169"],
      "uses" : {
      },
      "StructureDefinition-VaccineConditionFhir.html" : "Condition Profile with Vaccine Condition Codes",
      "StructureDefinition-VaccineObservationFhir.html" : "Condition Profile with Vaccine Condition Codes"
    },
    {
      "url" : "http://hl7.org/fhir/ValueSet/marital-status",
      "version" : "4.0.1",
      "status" : "active",
      "name" : "Marital Status Codes",
      "title" : "MaritalStatus",
      "description" : "This value set defines the set of codes that can be used to indicate the marital status of a person.",
      "systems" : [
        "http://terminology.hl7.org/CodeSystem/v3-MaritalStatus",
        "http://terminology.hl7.org/CodeSystem/v3-NullFlavor"
      ],
      "oids" : ["2.16.840.1.113883.4.642.3.29"],
      "sources" : ["2.16.840.1.113883.4.642.3.29"],
      "uses" : {
      },
      "StructureDefinition-vax-patient.html" : "Vaccination Patient"
    },
    {
      "url" : "http://hl7.org/fhir/ValueSet/med-admin-perform-function",
      "version" : "4.0.1",
      "status" : "draft",
      "name" : "MedicationAdministration Performer Function Codes",
      "title" : "Medication administration  performer  function  codes",
      "description" : "MedicationAdministration Performer Function Codes",
      "systems" : [
        "http://terminology.hl7.org/CodeSystem/med-admin-perform-function"
      ],
      "oids" : ["2.16.840.1.113883.4.642.3.349"],
      "sources" : ["2.16.840.1.113883.4.642.3.349"],
      "uses" : {
      },
      "StructureDefinition-MedicationAdministrationProfile.html" : "Medication Administration Profile with Vaccine Codes"
    },
    {
      "url" : "http://hl7.org/fhir/ValueSet/medication-admin-category",
      "version" : "4.0.1",
      "status" : "draft",
      "name" : "MedicationAdministration Category Codes",
      "title" : "Medication administration  category  codes",
      "description" : "MedicationAdministration Category Codes",
      "systems" : [
        "http://terminology.hl7.org/CodeSystem/medication-admin-category"
      ],
      "oids" : ["2.16.840.1.113883.4.642.3.347"],
      "sources" : ["2.16.840.1.113883.4.642.3.347"],
      "uses" : {
      },
      "StructureDefinition-MedicationAdministrationProfile.html" : "Medication Administration Profile with Vaccine Codes"
    },
    {
      "url" : "http://hl7.org/fhir/ValueSet/medication-admin-status",
      "version" : "4.0.1",
      "status" : "draft",
      "name" : "MedicationAdministration Status Codes",
      "title" : "Medication administration  status  codes",
      "description" : "MedicationAdministration Status Codes",
      "systems" : [
        "http://terminology.hl7.org/CodeSystem/medication-admin-status"
      ],
      "oids" : ["2.16.840.1.113883.4.642.3.340"],
      "sources" : ["2.16.840.1.113883.4.642.3.340"],
      "uses" : {
      },
      "StructureDefinition-MedicationAdministrationProfile.html" : "Medication Administration Profile with Vaccine Codes"
    },
    {
      "url" : "http://hl7.org/fhir/ValueSet/medication-codes",
      "version" : "4.0.1",
      "status" : "draft",
      "name" : "SNOMEDCTMedicationCodes",
      "title" : "SNOMED CT Medication Codes",
      "description" : "This value set includes all drug or medicament substance codes and all pharmaceutical/biologic products from SNOMED CT - provided as an exemplar value set.",
      "systems" : ["http://snomed.info/sct"],
      "oids" : ["2.16.840.1.113883.4.642.3.375"],
      "sources" : ["2.16.840.1.113883.4.642.3.375"],
      "uses" : {
      },
      "StructureDefinition-MedicationRequestProfile.html" : "Medication Request Profile with Vaccine Codes",
      "StructureDefinition-MedicationDispenseProfile.html" : "Medication Dispense Profile with Vaccine Codes",
      "StructureDefinition-MedicationStatementProfile.html" : "Medication Statement Profile with Vaccine Codes",
      "StructureDefinition-Vaccine.html" : "Vaccine",
      "StructureDefinition-MedicationAdministrationProfile.html" : "Medication Administration Profile with Vaccine Codes"
    },
    {
      "url" : "http://hl7.org/fhir/ValueSet/medication-form-codes",
      "version" : "4.0.1",
      "status" : "draft",
      "name" : "SNOMEDCTFormCodes",
      "title" : "SNOMED CT Form Codes",
      "description" : "This value set includes all dose form codes from SNOMED CT - provided as an exemplar.",
      "systems" : ["http://snomed.info/sct"],
      "oids" : ["2.16.840.1.113883.4.642.3.374"],
      "sources" : ["2.16.840.1.113883.4.642.3.374"],
      "uses" : {
      },
      "StructureDefinition-Vaccine.html" : "Vaccine"
    },
    {
      "url" : "http://hl7.org/fhir/ValueSet/medication-statement-category",
      "version" : "4.0.1",
      "status" : "draft",
      "name" : "Medication usage category codes",
      "title" : "Medication usage category codes",
      "description" : "Medication Status Codes",
      "systems" : [
        "http://terminology.hl7.org/CodeSystem/medication-statement-category"
      ],
      "oids" : ["2.16.840.1.113883.4.642.3.370"],
      "sources" : ["2.16.840.1.113883.4.642.3.370"],
      "uses" : {
      },
      "StructureDefinition-MedicationStatementProfile.html" : "Medication Statement Profile with Vaccine Codes"
    },
    {
      "url" : "http://hl7.org/fhir/ValueSet/medication-statement-status",
      "version" : "4.0.1",
      "status" : "draft",
      "name" : "Medication Status Codes",
      "title" : "Medication  status  codes",
      "description" : "Medication Status Codes",
      "systems" : ["http://hl7.org/fhir/CodeSystem/medication-statement-status"],
      "oids" : ["2.16.840.1.113883.4.642.3.367"],
      "sources" : ["2.16.840.1.113883.4.642.3.367"],
      "uses" : {
      },
      "StructureDefinition-MedicationStatementProfile.html" : "Medication Statement Profile with Vaccine Codes"
    },
    {
      "url" : "http://hl7.org/fhir/ValueSet/medication-status",
      "version" : "4.0.1",
      "status" : "draft",
      "name" : "Medication Status Codes",
      "title" : "Medication  status  codes",
      "description" : "Medication Status Codes",
      "systems" : ["http://hl7.org/fhir/CodeSystem/medication-status"],
      "oids" : ["2.16.840.1.113883.4.642.3.376"],
      "sources" : ["2.16.840.1.113883.4.642.3.376"],
      "uses" : {
      },
      "StructureDefinition-Vaccine.html" : "Vaccine"
    },
    {
      "url" : "http://hl7.org/fhir/ValueSet/medicationdispense-category",
      "version" : "4.0.1",
      "status" : "draft",
      "name" : "MedicationDispense Category Codes",
      "title" : "Medication dispense  category  codes",
      "description" : "MedicationDispense Category Codes",
      "systems" : [
        "http://terminology.hl7.org/fhir/CodeSystem/medicationdispense-category"
      ],
      "oids" : ["2.16.840.1.113883.4.642.3.1314"],
      "sources" : ["2.16.840.1.113883.4.642.3.1314"],
      "uses" : {
      },
      "StructureDefinition-MedicationDispenseProfile.html" : "Medication Dispense Profile with Vaccine Codes"
    },
    {
      "url" : "http://hl7.org/fhir/ValueSet/medicationdispense-performer-function",
      "version" : "4.0.1",
      "status" : "draft",
      "name" : "MedicationDispense Performer Function Codes",
      "title" : "Medication dispense  performer  function  codes",
      "description" : "MedicationDispense Performer Function Codes",
      "systems" : [
        "http://terminology.hl7.org/CodeSystem/medicationdispense-performer-function"
      ],
      "oids" : ["2.16.840.1.113883.4.642.3.1318"],
      "sources" : ["2.16.840.1.113883.4.642.3.1318"],
      "uses" : {
      },
      "StructureDefinition-MedicationDispenseProfile.html" : "Medication Dispense Profile with Vaccine Codes"
    },
    {
      "url" : "http://hl7.org/fhir/ValueSet/medicationdispense-status",
      "version" : "4.0.1",
      "status" : "draft",
      "name" : "MedicationDispense Status Codes",
      "title" : "Medication dispense  status  codes",
      "description" : "MedicationDispense Status Codes",
      "systems" : [
        "http://terminology.hl7.org/CodeSystem/medicationdispense-status"
      ],
      "oids" : ["2.16.840.1.113883.4.642.3.1312"],
      "sources" : ["2.16.840.1.113883.4.642.3.1312"],
      "uses" : {
      },
      "StructureDefinition-MedicationDispenseProfile.html" : "Medication Dispense Profile with Vaccine Codes"
    },
    {
      "url" : "http://hl7.org/fhir/ValueSet/medicationdispense-status-reason",
      "version" : "4.0.1",
      "status" : "draft",
      "name" : "MedicationDispense Status Reason Codes",
      "title" : "Medication dispense  status  reason  codes",
      "description" : "MedicationDispense Status Codes",
      "systems" : [
        "http://terminology.hl7.org/fhir/CodeSystem/medicationdispense-status-reason"
      ],
      "oids" : ["2.16.840.1.113883.4.642.3.1316"],
      "sources" : ["2.16.840.1.113883.4.642.3.1316"],
      "uses" : {
      },
      "StructureDefinition-MedicationDispenseProfile.html" : "Medication Dispense Profile with Vaccine Codes"
    },
    {
      "url" : "http://hl7.org/fhir/ValueSet/medicationrequest-category",
      "version" : "4.0.1",
      "status" : "draft",
      "name" : "medicationRequest Category Codes",
      "title" : "Medication request  category  codes",
      "description" : "MedicationRequest Category Codes",
      "systems" : [
        "http://terminology.hl7.org/CodeSystem/medicationrequest-category"
      ],
      "oids" : ["2.16.840.1.113883.4.642.3.1322"],
      "sources" : ["2.16.840.1.113883.4.642.3.1322"],
      "uses" : {
      },
      "StructureDefinition-MedicationRequestProfile.html" : "Medication Request Profile with Vaccine Codes"
    },
    {
      "url" : "http://hl7.org/fhir/ValueSet/medicationrequest-course-of-therapy",
      "version" : "4.0.1",
      "status" : "draft",
      "name" : "medicationRequest Course of Therapy Codes",
      "title" : "Medication request  course of  therapy  codes",
      "description" : "MedicationRequest Course of Therapy Codes",
      "systems" : [
        "http://terminology.hl7.org/CodeSystem/medicationrequest-course-of-therapy"
      ],
      "oids" : ["2.16.840.1.113883.4.642.3.1326"],
      "sources" : ["2.16.840.1.113883.4.642.3.1326"],
      "uses" : {
      },
      "StructureDefinition-MedicationRequestProfile.html" : "Medication Request Profile with Vaccine Codes"
    },
    {
      "url" : "http://hl7.org/fhir/ValueSet/medicationrequest-intent",
      "version" : "4.0.1",
      "status" : "draft",
      "name" : "medicationRequest Intent",
      "title" : "Medication request  intent",
      "description" : "MedicationRequest Intent Codes",
      "systems" : ["http://hl7.org/fhir/CodeSystem/medicationrequest-intent"],
      "oids" : ["2.16.840.1.113883.4.642.3.1321"],
      "sources" : ["2.16.840.1.113883.4.642.3.1321"],
      "uses" : {
      },
      "StructureDefinition-MedicationRequestProfile.html" : "Medication Request Profile with Vaccine Codes"
    },
    {
      "url" : "http://hl7.org/fhir/ValueSet/medicationrequest-status",
      "version" : "4.0.1",
      "status" : "draft",
      "name" : "medicationrequest Status",
      "title" : "Medicationrequest  status",
      "description" : "MedicationRequest Status Codes",
      "systems" : ["http://hl7.org/fhir/CodeSystem/medicationrequest-status"],
      "oids" : ["2.16.840.1.113883.4.642.3.1320"],
      "sources" : ["2.16.840.1.113883.4.642.3.1320"],
      "uses" : {
      },
      "StructureDefinition-MedicationRequestProfile.html" : "Medication Request Profile with Vaccine Codes"
    },
    {
      "url" : "http://hl7.org/fhir/ValueSet/medicationrequest-status-reason",
      "version" : "4.0.1",
      "status" : "draft",
      "name" : "medicationRequest Status Reason Codes",
      "title" : "Medication request  status  reason  codes",
      "description" : "MedicationRequest Status Reason Codes",
      "systems" : [
        "http://terminology.hl7.org/CodeSystem/medicationrequest-status-reason"
      ],
      "oids" : ["2.16.840.1.113883.4.642.3.1324"],
      "sources" : ["2.16.840.1.113883.4.642.3.1324"],
      "uses" : {
      },
      "StructureDefinition-MedicationRequestProfile.html" : "Medication Request Profile with Vaccine Codes"
    },
    {
      "url" : "http://hl7.org/fhir/ValueSet/patient-contactrelationship",
      "version" : "4.0.1",
      "status" : "active",
      "name" : "PatientContactRelationship",
      "title" : "Patient Contact Relationship ",
      "description" : "The nature of the relationship between the patient and the contact person.",
      "systems" : ["http://terminology.hl7.org/CodeSystem/v2-0131"],
      "oids" : ["2.16.840.1.113883.4.642.3.1130"],
      "sources" : ["2.16.840.1.113883.4.642.3.1130"],
      "uses" : {
      },
      "StructureDefinition-vax-patient.html" : "Vaccination Patient"
    },
    {
      "url" : "http://hl7.org/fhir/ValueSet/performer-role",
      "version" : "4.0.1",
      "status" : "draft",
      "name" : "ProcedurePerformerRoleCodes",
      "title" : "Procedure Performer Role Codes",
      "description" : "This example value set defines the set of codes that can be used to indicate a role of a procedure performer.",
      "systems" : ["http://snomed.info/sct"],
      "oids" : ["2.16.840.1.113883.4.642.3.433"],
      "sources" : ["2.16.840.1.113883.4.642.3.433"],
      "uses" : {
      },
      "StructureDefinition-MedicationRequestProfile.html" : "Medication Request Profile with Vaccine Codes",
      "StructureDefinition-ProcedureProfile.html" : "Immunization Procedures Profile"
    },
    {
      "url" : "http://hl7.org/fhir/ValueSet/procedure-category",
      "version" : "4.0.1",
      "status" : "draft",
      "name" : "ProcedureCategoryCodes(SNOMEDCT)",
      "title" : "Procedure Category Codes (SNOMED CT)",
      "description" : "Procedure Category code: A selection of relevant SNOMED CT codes.",
      "systems" : ["http://snomed.info/sct"],
      "oids" : ["2.16.840.1.113883.4.642.3.430"],
      "sources" : ["2.16.840.1.113883.4.642.3.430"],
      "uses" : {
      },
      "StructureDefinition-ProcedureProfile.html" : "Immunization Procedures Profile"
    },
    {
      "url" : "http://hl7.org/fhir/ValueSet/procedure-followup",
      "version" : "4.0.1",
      "status" : "draft",
      "name" : "ProcedureFollowUpCodes(SNOMEDCT)",
      "title" : "Procedure Follow up Codes (SNOMED CT)",
      "description" : "Procedure follow up codes: A selection of SNOMED CT codes relevant to procedure follow up.",
      "systems" : ["http://snomed.info/sct"],
      "oids" : ["2.16.840.1.113883.4.642.3.429"],
      "sources" : ["2.16.840.1.113883.4.642.3.429"],
      "uses" : {
      },
      "StructureDefinition-ProcedureProfile.html" : "Immunization Procedures Profile"
    },
    {
      "url" : "http://hl7.org/fhir/ValueSet/procedure-not-performed-reason",
      "version" : "4.0.1",
      "status" : "active",
      "name" : "ProcedureNotPerformedReason(SNOMED-CT)",
      "title" : "Procedure Not Performed Reason (SNOMED-CT)",
      "description" : "Situation codes describing the reason that a procedure, which might otherwise be expected, was not performed, or a procedure that was started and was not completed. Consists of SNOMED CT codes, children of procedure contraindicated (183932001), procedure discontinued (416406003), procedure not done (416237000), procedure not indicated (428119001), procedure not offered (416064006), procedure not wanted (416432009), procedure refused (183944003), and procedure stopped (394908001).",
      "systems" : ["http://snomed.info/sct"],
      "oids" : ["2.16.840.1.113883.4.642.3.431"],
      "sources" : ["2.16.840.1.113883.4.642.3.431"],
      "uses" : {
      },
      "StructureDefinition-ProcedureProfile.html" : "Immunization Procedures Profile"
    },
    {
      "url" : "http://hl7.org/fhir/ValueSet/procedure-outcome",
      "version" : "4.0.1",
      "status" : "draft",
      "name" : "ProcedureOutcomeCodes(SNOMEDCT)",
      "title" : "Procedure Outcome Codes (SNOMED CT)",
      "description" : "Procedure Outcome code: A selection of relevant SNOMED CT codes.",
      "systems" : ["http://snomed.info/sct"],
      "oids" : ["2.16.840.1.113883.4.642.3.428"],
      "sources" : ["2.16.840.1.113883.4.642.3.428"],
      "uses" : {
      },
      "StructureDefinition-ProcedureProfile.html" : "Immunization Procedures Profile"
    },
    {
      "url" : "http://hl7.org/fhir/ValueSet/procedure-reason",
      "version" : "4.0.1",
      "status" : "draft",
      "name" : "ProcedureReasonCodes",
      "title" : "Procedure Reason Codes",
      "description" : "This example value set defines the set of codes that can be used to indicate a reason for a procedure.",
      "systems" : ["http://snomed.info/sct"],
      "oids" : ["2.16.840.1.113883.4.642.3.432"],
      "sources" : ["2.16.840.1.113883.4.642.3.432"],
      "uses" : {
      },
      "StructureDefinition-ProcedureProfile.html" : "Immunization Procedures Profile"
    },
    {
      "url" : "http://hl7.org/fhir/ValueSet/reaction-event-severity",
      "version" : "4.0.1",
      "status" : "draft",
      "name" : "AllergyIntoleranceSeverity",
      "title" : "AllergyIntoleranceSeverity",
      "description" : "Clinical assessment of the severity of a reaction event as a whole, potentially considering multiple different manifestations.",
      "systems" : ["http://hl7.org/fhir/reaction-event-severity"],
      "oids" : ["2.16.840.1.113883.4.642.3.135"],
      "sources" : ["2.16.840.1.113883.4.642.3.135"],
      "uses" : {
      },
      "StructureDefinition-ReactionProfile.html" : "Allergy Intolerance Profile with Vaccine Codes"
    },
    {
      "url" : "http://hl7.org/fhir/ValueSet/reason-medication-given-codes",
      "version" : "4.0.1",
      "status" : "draft",
      "name" : "ReasonMedicationGivenCodes",
      "title" : "Reason Medication Given Codes",
      "description" : "This value set is provided as an example. The value set to instantiate this attribute should be drawn from a robust terminology code system that consists of or contains concepts to support the medication process.",
      "systems" : [
        "http://terminology.hl7.org/CodeSystem/reason-medication-given"
      ],
      "oids" : ["2.16.840.1.113883.4.642.3.344"],
      "sources" : ["2.16.840.1.113883.4.642.3.344"],
      "uses" : {
      },
      "StructureDefinition-MedicationAdministrationProfile.html" : "Medication Administration Profile with Vaccine Codes"
    },
    {
      "url" : "http://hl7.org/fhir/ValueSet/reason-medication-not-given-codes",
      "version" : "4.0.1",
      "status" : "draft",
      "name" : "SNOMEDCTReasonMedicationNotGivenCodes",
      "title" : "SNOMED CT Reason Medication Not Given Codes",
      "description" : "This value set includes all medication refused, medication not administered, and non-administration of necessary drug or medicine codes from SNOMED CT - provided as an exemplar value set.",
      "systems" : ["http://snomed.info/sct"],
      "oids" : ["2.16.840.1.113883.4.642.3.342"],
      "sources" : ["2.16.840.1.113883.4.642.3.342"],
      "uses" : {
      },
      "StructureDefinition-MedicationAdministrationProfile.html" : "Medication Administration Profile with Vaccine Codes"
    },
    {
      "url" : "http://hl7.org/fhir/ValueSet/reason-medication-status-codes",
      "version" : "4.0.1",
      "status" : "draft",
      "name" : "SNOMEDCTDrugTherapyStatusCodes",
      "title" : "SNOMED CT Drug Therapy Status codes ",
      "description" : "This value set includes some taken and not taken reason codes from SNOMED CT - provided as an exemplar",
      "systems" : ["http://snomed.info/sct"],
      "oids" : ["2.16.840.1.113883.4.642.3.369"],
      "sources" : ["2.16.840.1.113883.4.642.3.369"],
      "uses" : {
      },
      "StructureDefinition-MedicationStatementProfile.html" : "Medication Statement Profile with Vaccine Codes"
    },
    {
      "url" : "http://hl7.org/fhir/ValueSet/request-priority",
      "version" : "4.0.1",
      "status" : "draft",
      "name" : "RequestPriority",
      "title" : "Request priority",
      "description" : "The clinical priority of a diagnostic order.",
      "systems" : ["http://hl7.org/fhir/request-priority"],
      "oids" : ["2.16.840.1.113883.4.642.3.115"],
      "sources" : ["2.16.840.1.113883.4.642.3.115"],
      "uses" : {
      },
      "StructureDefinition-MedicationRequestProfile.html" : "Medication Request Profile with Vaccine Codes"
    },
    {
      "url" : "http://hl7.org/fhir/ValueSet/route-codes",
      "version" : "4.0.1",
      "status" : "draft",
      "name" : "SNOMEDCTRouteCodes",
      "title" : "SNOMED CT Route Codes",
      "description" : "This value set includes all Route codes from SNOMED CT - provided as an exemplar.",
      "systems" : ["http://snomed.info/sct"],
      "oids" : ["2.16.840.1.113883.4.642.3.98"],
      "sources" : ["2.16.840.1.113883.4.642.3.98"],
      "uses" : {
      },
      "StructureDefinition-ReactionProfile.html" : "Allergy Intolerance Profile with Vaccine Codes",
      "StructureDefinition-MedicationAdministrationProfile.html" : "Medication Administration Profile with Vaccine Codes"
    },
    {
      "url" : "http://hl7.org/fhir/ValueSet/substance-code",
      "version" : "4.0.1",
      "status" : "draft",
      "name" : "SubstanceCode",
      "title" : "Substance Code",
      "description" : "This value set contains concept codes for specific substances. It includes codes from [SNOMED](http://snomed.info/sct) where concept is-a 105590001 (Substance (substance)) and where concept is-a 373873005 (Pharmaceutical / biologic product (product))",
      "systems" : ["http://snomed.info/sct"],
      "oids" : ["2.16.840.1.113883.4.642.3.473"],
      "sources" : ["2.16.840.1.113883.4.642.3.473"],
      "uses" : {
      },
      "StructureDefinition-ReactionProfile.html" : "Allergy Intolerance Profile with Vaccine Codes"
    },
    {
      "url" : "http://terminology.hl7.org/ValueSet/v3-ActPharmacySupplyType",
      "version" : "3.0.0",
      "status" : "active",
      "name" : "ActPharmacySupplyType",
      "title" : "ActPharmacySupplyType",
      "description" : "Identifies types of dispensing events",
      "systems" : ["http://terminology.hl7.org/CodeSystem/v3-ActCode"],
      "oids" : ["2.16.840.1.113883.1.11.16208"],
      "sources" : ["2.16.840.1.113883.1.11.16208"],
      "uses" : {
      },
      "StructureDefinition-MedicationDispenseProfile.html" : "Medication Dispense Profile with Vaccine Codes"
    },
    {
      "url" : "http://terminology.hl7.org/ValueSet/v3-ActSubstanceAdminSubstitutionCode",
      "version" : "3.0.0",
      "status" : "active",
      "name" : "ActSubstanceAdminSubstitutionCode",
      "title" : "ActSubstanceAdminSubstitutionCode",
      "description" : "***No description***",
      "systems" : [
        "http://terminology.hl7.org/CodeSystem/v3-substanceAdminSubstitution"
      ],
      "oids" : ["2.16.840.1.113883.1.11.16621"],
      "sources" : ["2.16.840.1.113883.1.11.16621"],
      "uses" : {
      },
      "StructureDefinition-MedicationRequestProfile.html" : "Medication Request Profile with Vaccine Codes",
      "StructureDefinition-MedicationDispenseProfile.html" : "Medication Dispense Profile with Vaccine Codes"
    },
    {
      "url" : "http://terminology.hl7.org/ValueSet/v3-SubstanceAdminSubstitutionReason",
      "version" : "3.0.0",
      "status" : "active",
      "name" : "SubstanceAdminSubstitutionReason",
      "title" : "SubstanceAdminSubstitutionReason",
      "description" : "***No description***",
      "systems" : ["http://terminology.hl7.org/CodeSystem/v3-ActReason"],
      "oids" : ["2.16.840.1.113883.1.11.19377"],
      "sources" : ["2.16.840.1.113883.1.11.19377"],
      "uses" : {
      },
      "StructureDefinition-MedicationRequestProfile.html" : "Medication Request Profile with Vaccine Codes",
      "StructureDefinition-MedicationDispenseProfile.html" : "Medication Dispense Profile with Vaccine Codes"
    }
  ]
}
