query	count	code	display
meningococcal serogroup B	200	102002	Hemoglobin Okaloosa
meningococcal serogroup B	200	103007	Squirrel fibroma virus
meningococcal serogroup B	200	107008	Structure of fetal part of placenta
meningococcal serogroup B	200	108003	Entire condylar emissary vein
meningococcal serogroup B	200	110001	Structure of visceral layer of Bowman's capsule
meningococcal serogroup B	200	111002	Parathyroid structure
meningococcal serogroup B	200	112009	Bembrops anatirostris
meningococcal serogroup B	200	115006	Removable appliance therapy
meningococcal serogroup B	200	116007	Subcutaneous tissue structure of medial surface of index finger
meningococcal serogroup B	200	117003	Rhipicephalus sanguineus
meningococcal serogroup B	200	118008	Black buffalo weaver
meningococcal serogroup B	200	119000	Thoracoscopic partial lobectomy of lung
meningococcal serogroup B	200	120006	Ornithine racemase
meningococcal serogroup B	200	124002	Structure of coronoid process of mandible
meningococcal serogroup B	200	125001	Ferrous (59-Fe) sulfate
meningococcal serogroup B	200	126000	Galactosyl-N-acetylglucosaminylgalactosylglucosylceramide alpha-galactosyltransferase
meningococcal serogroup B	200	127009	Miscarriage with laceration of cervix
meningococcal serogroup B	200	130002	Hemoglobin Hopkins-II
meningococcal serogroup B	200	131003	Dolichyl-phosphate mannosyltransferase
meningococcal serogroup B	200	132005	Serraniculus pumilio
meningococcal serogroup B	200	135007	Arthrotomy of wrist joint with exploration and biopsy
meningococcal serogroup B	200	136008	Acacia erioloba
meningococcal serogroup B	200	145009	Colloid milium
meningococcal serogroup B	200	146005	Repair of nonunion of metatarsal with bone graft
meningococcal serogroup B	200	149003	Central pair of microtubules, cilium or flagellum, not bacterial
meningococcal serogroup B	200	150003	Abnormal urinary bladder continence
meningococcal serogroup B	200	154007	Rubber molding-press operator
meningococcal serogroup B	200	155008	Structure of deep circumflex iliac artery
meningococcal serogroup B	200	156009	Spine board
meningococcal serogroup B	200	158005	Salmonella Irumu
meningococcal serogroup B	200	159002	Ferrocyanide salt
meningococcal serogroup B	200	161006	Thermal injury
meningococcal serogroup B	200	162004	Severe manic bipolar I disorder without psychotic features
meningococcal serogroup B	200	163009	Bacteroides stercoris
meningococcal serogroup B	200	164003	Phosphoenolpyruvate-protein phosphotransferase
meningococcal serogroup B	200	166001	Behavioral therapy
meningococcal serogroup B	200	167005	Structure of supraclavicular part of brachial plexus
meningococcal serogroup B	200	171008	Injury of ascending right colon without open wound into abdominal cavity
meningococcal serogroup B	200	173006	Banded pipefish
meningococcal serogroup B	200	174000	Harrison-Richardson operation on vagina
meningococcal serogroup B	200	175004	Supraorbital neuralgia
meningococcal serogroup B	200	177007	Poisoning by sawfly larvae
meningococcal serogroup B	200	178002	Uridine diphosphate galactose
meningococcal serogroup B	200	180008	Fijivirus
meningococcal serogroup B	200	181007	Hemorrhagic bronchopneumonia
meningococcal serogroup B	200	182000	Canalization
meningococcal serogroup B	200	186002	HLA-Cw9 antigen
meningococcal serogroup B	200	187006	Cyanocobalamin (57-Co)
meningococcal serogroup B	200	193003	Benign hypertensive renal disease
meningococcal serogroup B	200	198007	Disease caused by Filoviridae
meningococcal serogroup B	200	200001	Berberine
meningococcal serogroup B	200	201002	Oligopus claudei
meningococcal serogroup B	200	202009	Structure of anterior division of renal artery
meningococcal serogroup B	200	205006	Entire left commissure of aortic valve
meningococcal serogroup B	200	206007	Structure of gluteus maximus muscle
meningococcal serogroup B	200	207003	European edible frog
meningococcal serogroup B	200	210005	Arrow
meningococcal serogroup B	200	217008	Blood group antigen IH
meningococcal serogroup B	200	218003	Ophidion holbrooki
meningococcal serogroup B	200	221001	Structure of articular surface, phalanges, of fourth metacarpal bone
meningococcal serogroup B	200	222008	Acute epiglottitis with obstruction
meningococcal serogroup B	200	223003	Tumor of body of uterus affecting pregnancy
meningococcal serogroup B	200	227002	Canal of Hering
meningococcal serogroup B	200	231008	3-hydroxyisobutyrate dehydrogenase
meningococcal serogroup B	200	232001	Congenital fold
meningococcal serogroup B	200	233006	Structure of hepatocolic ligament
meningococcal serogroup B	200	235004	Structure of superior labial artery
meningococcal serogroup B	200	238002	Heptachlor
meningococcal serogroup B	200	241006	Epilepsia partialis continua
meningococcal serogroup B	200	243009	Replacement of cerebral ventricular tube
meningococcal serogroup B	200	246001	Structure of lateral vestibular nucleus
meningococcal serogroup B	200	247005	Structure of mesotympanum
meningococcal serogroup B	200	248000	Infectious bursal disease virus
meningococcal serogroup B	200	251007	Pectoral region structure
meningococcal serogroup B	200	252000	Acinetobacter johnsonii
meningococcal serogroup B	200	255003	Calcified nodule
meningococcal serogroup B	200	259009	Fibrous body
meningococcal serogroup B	200	260004	Indigo bunting
meningococcal serogroup B	200	261000	Codeine phosphate
meningococcal serogroup B	200	263002	Structure of thoracic spinal nerve
meningococcal serogroup B	200	264008	Blind hypertensive eye
meningococcal serogroup B	200	266005	Structure of lower lobe of right lung
meningococcal serogroup B	200	271003	Bone plate
meningococcal serogroup B	200	272005	Structure of superior articular process of lumbar vertebra
meningococcal serogroup B	200	273000	Structure of lateral myocardium
meningococcal serogroup B	200	276008	Poisoning by oxytocin
meningococcal serogroup B	200	277004	Antbird
meningococcal serogroup B	200	280003	Salmonella Limete
meningococcal serogroup B	200	283001	Structure of central axillary lymph node
meningococcal serogroup B	200	284007	Entire flexor tendon and tendon sheath within fourth toe
meningococcal serogroup B	200	287000	Air receiver
meningococcal serogroup B	200	289002	Metacarpophalangeal joint structure of index finger
meningococcal serogroup B	200	290006	Melnick-Fraser syndrome
meningococcal serogroup B	200	291005	Atomizer
meningococcal serogroup B	200	292003	EEG finding
meningococcal serogroup B	200	294002	Excisional biopsy of joint structure of spine
meningococcal serogroup B	200	295001	Nonexcisional destruction of cyst of ciliary body
meningococcal serogroup B	200	296000	Coumachlor
meningococcal serogroup B	200	301000	Fifth metatarsal structure
meningococcal serogroup B	200	305009	Genus Malaclemys
meningococcal serogroup B	200	310008	Boil of penis
meningococcal serogroup B	200	311007	Structure of plantar surface of great toe
meningococcal serogroup B	200	312000	Salmonella Amba
meningococcal serogroup B	200	315003	Skin structure of umbilicus
meningococcal serogroup B	200	318001	Structure of cardiac impression of liver
meningococcal serogroup B	200	325008	Eimeria bovis
meningococcal serogroup B	200	327000	Arsenic-76
meningococcal serogroup B	200	328005	Follicular papule
meningococcal serogroup B	200	329002	Antimony-127
meningococcal serogroup B	200	331006	Hospital-based outpatient rheumatology clinic
meningococcal serogroup B	200	334003	Panorex examination of mandible
meningococcal serogroup B	200	336001	Fibrinogen Tokyo II
meningococcal serogroup B	200	338000	Black-headed oriole
meningococcal serogroup B	200	339008	Blister
meningococcal serogroup B	200	340005	Enzyme variant
meningococcal serogroup B	200	341009	ABO incompatibility reaction
meningococcal serogroup B	200	342002	Amobarbital interview
meningococcal serogroup B	200	344001	Ankle region structure
meningococcal serogroup B	200	345000	Atrioventricular bundle structure
meningococcal serogroup B	200	349006	Absent tendon reflex
meningococcal serogroup B	200	352003	Preparation of antibody sensitized pooled reagent red blood cells
meningococcal serogroup B	200	354002	Malignant peripheral nerve sheath tumor with rhabdomyoblastic differentiation
meningococcal serogroup B	200	356000	Reticular corium
meningococcal serogroup B	200	357009	Closed fracture of trapezoidal bone of wrist
meningococcal serogroup B	200	363000	Fibrinogen San Juan
meningococcal serogroup B	200	365007	Circaseptan biorhythm
meningococcal serogroup B	200	367004	Clubbing
meningococcal serogroup B	200	370000	Beta>2S< glycoprotein
meningococcal serogroup B	200	371001	Acylcarnitine hydrolase
meningococcal serogroup B	200	372008	Trichophyton rubrum
meningococcal serogroup B	200	375005	Sibling
meningococcal serogroup B	200	377002	Sparteine
meningococcal serogroup B	200	378007	Morquio syndrome
meningococcal serogroup B	200	381002	Mansonia pertubans
meningococcal serogroup B	200	388008	Blepharorrhaphy
meningococcal serogroup B	200	389000	Tobramycin measurement
meningococcal serogroup B	200	390009	Ophidion beani
meningococcal serogroup B	200	392001	Gadolinium-151
meningococcal serogroup B	200	393006	Structure of wall of urinary bladder
meningococcal serogroup B	200	394000	Abnormal trabeculation
meningococcal serogroup B	200	395004	Immunoglobulin pentamer
meningococcal serogroup B	200	397007	Hippeastrum equestre
meningococcal serogroup B	200	398002	Left axis deviation greater than -90 degrees by EKG
meningococcal serogroup B	200	399005	Blaberus craniifer
meningococcal serogroup B	200	401004	Distal subtotal pancreatectomy
meningococcal serogroup B	200	402006	Structure of dental branch of inferior alveolar artery
meningococcal serogroup B	200	404007	Brama japonica
meningococcal serogroup B	200	405008	Entire posterior temporal diploic vein
meningococcal serogroup B	200	412004	Ribose-5-phosphate isomerase
meningococcal serogroup B	200	413009	Photophosphorylation
meningococcal serogroup B	200	414003	Gastric fundus structure
meningococcal serogroup B	200	419008	Functional dilatation
meningococcal serogroup B	200	420002	Anastomosis, heterocladic
meningococcal serogroup B	200	421003	Baltimore oriole
meningococcal serogroup B	200	422005	Structure of inferior surface of tongue
meningococcal serogroup B	200	424006	Citramalyl-CoA lyase
meningococcal serogroup B	200	425007	Hemoglobin Nagoya
meningococcal serogroup B	200	432003	Carminic acid stain
meningococcal serogroup B	200	433008	Euphorbia mauritanica
meningococcal serogroup B	200	436000	Determined by
meningococcal serogroup B	200	437009	Abnormal composition of urine
meningococcal serogroup B	200	438004	2-hydroxyglutarate dehydrogenase
meningococcal serogroup B	200	444000	Legal sibling
meningococcal serogroup B	200	445004	Repair of malunion of tibia
meningococcal serogroup B	200	446003	Structure of trochanteric bursa
meningococcal serogroup B	200	448002	Yaba monkey tumor pox virus
meningococcal serogroup B	200	449005	Penicillin G procaine-containing product
meningococcal serogroup B	200	451009	Lichanura trivirgata
meningococcal serogroup B	200	452002	Blister of groin without infection
meningococcal serogroup B	200	455000	Babesia trautmanni
meningococcal serogroup B	200	456004	Total abdominal colectomy with ileostomy
meningococcal serogroup B	200	457008	Structure of collateral ligament
meningococcal serogroup B	200	459006	Closed condylotomy of mandible
meningococcal serogroup B	200	461002	Structure of lateral corticospinal tract
meningococcal serogroup B	200	462009	Urease (ATP-hydrolysing)
meningococcal serogroup B	200	464005	Basophilic normoblast
meningococcal serogroup B	200	465006	Structure of ascending frontal gyrus
meningococcal serogroup B	200	471000	Flexor hallucis longus muscle structure
meningococcal serogroup B	200	472007	Vegetable textile fiber
meningococcal serogroup B	200	476005	Lymphocyte antigen CD1b
meningococcal serogroup B	200	477001	Suggestibility
meningococcal serogroup B	200	479003	Graves' disease with pretibial myxedema AND with thyrotoxic crisis
meningococcal serogroup B	200	480000	Cardiopulmonary circulatory system structure
meningococcal serogroup B	200	482008	Gallbladder contraction
meningococcal serogroup B	200	484009	Eubacterium oxidoreducens
meningococcal serogroup B	200	485005	Transverse colon structure
meningococcal serogroup B	200	488007	Fibroid myocarditis
meningococcal serogroup B	200	493005	Urobilinogen measurement, 48-hour, feces
meningococcal serogroup B	200	496002	Closed traumatic dislocation of third cervical vertebra
meningococcal serogroup B	200	498001	Nitrilase
meningococcal serogroup B	200	499009	Psilocybe mixaeensis
meningococcal serogroup B	200	501001	Blood group antibody Sf^a^
meningococcal serogroup B	200	505005	Blood group antibody M'
meningococcal serogroup B	200	506006	3-oxosteroid delta^1^-dehydrogenase
meningococcal serogroup B	200	509004	Salmonella Odozi
meningococcal serogroup B	200	511008	Fibrous meningioma
meningococcal serogroup B	200	515004	Blood group antigen Giaigue
meningococcal serogroup B	200	516003	Order Coleoptera larva
meningococcal serogroup B	200	517007	Foreign body in hypopharynx
meningococcal serogroup B	200	519005	Free protein S
serogroup B	200	102002	Hemoglobin Okaloosa
serogroup B	200	103007	Squirrel fibroma virus
serogroup B	200	107008	Structure of fetal part of placenta
serogroup B	200	108003	Entire condylar emissary vein
serogroup B	200	110001	Structure of visceral layer of Bowman's capsule
serogroup B	200	111002	Parathyroid structure
serogroup B	200	112009	Bembrops anatirostris
serogroup B	200	115006	Removable appliance therapy
serogroup B	200	116007	Subcutaneous tissue structure of medial surface of index finger
serogroup B	200	117003	Rhipicephalus sanguineus
serogroup B	200	118008	Black buffalo weaver
serogroup B	200	119000	Thoracoscopic partial lobectomy of lung
serogroup B	200	120006	Ornithine racemase
serogroup B	200	124002	Structure of coronoid process of mandible
serogroup B	200	125001	Ferrous (59-Fe) sulfate
serogroup B	200	126000	Galactosyl-N-acetylglucosaminylgalactosylglucosylceramide alpha-galactosyltransferase
serogroup B	200	127009	Miscarriage with laceration of cervix
serogroup B	200	130002	Hemoglobin Hopkins-II
serogroup B	200	131003	Dolichyl-phosphate mannosyltransferase
serogroup B	200	132005	Serraniculus pumilio
serogroup B	200	135007	Arthrotomy of wrist joint with exploration and biopsy
serogroup B	200	136008	Acacia erioloba
serogroup B	200	145009	Colloid milium
serogroup B	200	146005	Repair of nonunion of metatarsal with bone graft
serogroup B	200	149003	Central pair of microtubules, cilium or flagellum, not bacterial
serogroup B	200	150003	Abnormal urinary bladder continence
serogroup B	200	154007	Rubber molding-press operator
serogroup B	200	155008	Structure of deep circumflex iliac artery
serogroup B	200	156009	Spine board
serogroup B	200	158005	Salmonella Irumu
serogroup B	200	159002	Ferrocyanide salt
serogroup B	200	161006	Thermal injury
serogroup B	200	162004	Severe manic bipolar I disorder without psychotic features
serogroup B	200	163009	Bacteroides stercoris
serogroup B	200	164003	Phosphoenolpyruvate-protein phosphotransferase
serogroup B	200	166001	Behavioral therapy
serogroup B	200	167005	Structure of supraclavicular part of brachial plexus
serogroup B	200	171008	Injury of ascending right colon without open wound into abdominal cavity
serogroup B	200	173006	Banded pipefish
serogroup B	200	174000	Harrison-Richardson operation on vagina
serogroup B	200	175004	Supraorbital neuralgia
serogroup B	200	177007	Poisoning by sawfly larvae
serogroup B	200	178002	Uridine diphosphate galactose
serogroup B	200	180008	Fijivirus
serogroup B	200	181007	Hemorrhagic bronchopneumonia
serogroup B	200	182000	Canalization
serogroup B	200	186002	HLA-Cw9 antigen
serogroup B	200	187006	Cyanocobalamin (57-Co)
serogroup B	200	193003	Benign hypertensive renal disease
serogroup B	200	198007	Disease caused by Filoviridae
serogroup B	200	200001	Berberine
serogroup B	200	201002	Oligopus claudei
serogroup B	200	202009	Structure of anterior division of renal artery
serogroup B	200	205006	Entire left commissure of aortic valve
serogroup B	200	206007	Structure of gluteus maximus muscle
serogroup B	200	207003	European edible frog
serogroup B	200	210005	Arrow
serogroup B	200	217008	Blood group antigen IH
serogroup B	200	218003	Ophidion holbrooki
serogroup B	200	221001	Structure of articular surface, phalanges, of fourth metacarpal bone
serogroup B	200	222008	Acute epiglottitis with obstruction
serogroup B	200	223003	Tumor of body of uterus affecting pregnancy
serogroup B	200	227002	Canal of Hering
serogroup B	200	231008	3-hydroxyisobutyrate dehydrogenase
serogroup B	200	232001	Congenital fold
serogroup B	200	233006	Structure of hepatocolic ligament
serogroup B	200	235004	Structure of superior labial artery
serogroup B	200	238002	Heptachlor
serogroup B	200	241006	Epilepsia partialis continua
serogroup B	200	243009	Replacement of cerebral ventricular tube
serogroup B	200	246001	Structure of lateral vestibular nucleus
serogroup B	200	247005	Structure of mesotympanum
serogroup B	200	248000	Infectious bursal disease virus
serogroup B	200	251007	Pectoral region structure
serogroup B	200	252000	Acinetobacter johnsonii
serogroup B	200	255003	Calcified nodule
serogroup B	200	259009	Fibrous body
serogroup B	200	260004	Indigo bunting
serogroup B	200	261000	Codeine phosphate
serogroup B	200	263002	Structure of thoracic spinal nerve
serogroup B	200	264008	Blind hypertensive eye
serogroup B	200	266005	Structure of lower lobe of right lung
serogroup B	200	271003	Bone plate
serogroup B	200	272005	Structure of superior articular process of lumbar vertebra
serogroup B	200	273000	Structure of lateral myocardium
serogroup B	200	276008	Poisoning by oxytocin
serogroup B	200	277004	Antbird
serogroup B	200	280003	Salmonella Limete
serogroup B	200	283001	Structure of central axillary lymph node
serogroup B	200	284007	Entire flexor tendon and tendon sheath within fourth toe
serogroup B	200	287000	Air receiver
serogroup B	200	289002	Metacarpophalangeal joint structure of index finger
serogroup B	200	290006	Melnick-Fraser syndrome
serogroup B	200	291005	Atomizer
serogroup B	200	292003	EEG finding
serogroup B	200	294002	Excisional biopsy of joint structure of spine
serogroup B	200	295001	Nonexcisional destruction of cyst of ciliary body
serogroup B	200	296000	Coumachlor
serogroup B	200	301000	Fifth metatarsal structure
serogroup B	200	305009	Genus Malaclemys
serogroup B	200	310008	Boil of penis
serogroup B	200	311007	Structure of plantar surface of great toe
serogroup B	200	312000	Salmonella Amba
serogroup B	200	315003	Skin structure of umbilicus
serogroup B	200	318001	Structure of cardiac impression of liver
serogroup B	200	325008	Eimeria bovis
serogroup B	200	327000	Arsenic-76
serogroup B	200	328005	Follicular papule
serogroup B	200	329002	Antimony-127
serogroup B	200	331006	Hospital-based outpatient rheumatology clinic
serogroup B	200	334003	Panorex examination of mandible
serogroup B	200	336001	Fibrinogen Tokyo II
serogroup B	200	338000	Black-headed oriole
serogroup B	200	339008	Blister
serogroup B	200	340005	Enzyme variant
serogroup B	200	341009	ABO incompatibility reaction
serogroup B	200	342002	Amobarbital interview
serogroup B	200	344001	Ankle region structure
serogroup B	200	345000	Atrioventricular bundle structure
serogroup B	200	349006	Absent tendon reflex
serogroup B	200	352003	Preparation of antibody sensitized pooled reagent red blood cells
serogroup B	200	354002	Malignant peripheral nerve sheath tumor with rhabdomyoblastic differentiation
serogroup B	200	356000	Reticular corium
serogroup B	200	357009	Closed fracture of trapezoidal bone of wrist
serogroup B	200	363000	Fibrinogen San Juan
serogroup B	200	365007	Circaseptan biorhythm
serogroup B	200	367004	Clubbing
serogroup B	200	370000	Beta>2S< glycoprotein
serogroup B	200	371001	Acylcarnitine hydrolase
serogroup B	200	372008	Trichophyton rubrum
serogroup B	200	375005	Sibling
serogroup B	200	377002	Sparteine
serogroup B	200	378007	Morquio syndrome
serogroup B	200	381002	Mansonia pertubans
serogroup B	200	388008	Blepharorrhaphy
serogroup B	200	389000	Tobramycin measurement
serogroup B	200	390009	Ophidion beani
serogroup B	200	392001	Gadolinium-151
serogroup B	200	393006	Structure of wall of urinary bladder
serogroup B	200	394000	Abnormal trabeculation
serogroup B	200	395004	Immunoglobulin pentamer
serogroup B	200	397007	Hippeastrum equestre
serogroup B	200	398002	Left axis deviation greater than -90 degrees by EKG
serogroup B	200	399005	Blaberus craniifer
serogroup B	200	401004	Distal subtotal pancreatectomy
serogroup B	200	402006	Structure of dental branch of inferior alveolar artery
serogroup B	200	404007	Brama japonica
serogroup B	200	405008	Entire posterior temporal diploic vein
serogroup B	200	412004	Ribose-5-phosphate isomerase
serogroup B	200	413009	Photophosphorylation
serogroup B	200	414003	Gastric fundus structure
serogroup B	200	419008	Functional dilatation
serogroup B	200	420002	Anastomosis, heterocladic
serogroup B	200	421003	Baltimore oriole
serogroup B	200	422005	Structure of inferior surface of tongue
serogroup B	200	424006	Citramalyl-CoA lyase
serogroup B	200	425007	Hemoglobin Nagoya
serogroup B	200	432003	Carminic acid stain
serogroup B	200	433008	Euphorbia mauritanica
serogroup B	200	436000	Determined by
serogroup B	200	437009	Abnormal composition of urine
serogroup B	200	438004	2-hydroxyglutarate dehydrogenase
serogroup B	200	444000	Legal sibling
serogroup B	200	445004	Repair of malunion of tibia
serogroup B	200	446003	Structure of trochanteric bursa
serogroup B	200	448002	Yaba monkey tumor pox virus
serogroup B	200	449005	Penicillin G procaine-containing product
serogroup B	200	451009	Lichanura trivirgata
serogroup B	200	452002	Blister of groin without infection
serogroup B	200	455000	Babesia trautmanni
serogroup B	200	456004	Total abdominal colectomy with ileostomy
serogroup B	200	457008	Structure of collateral ligament
serogroup B	200	459006	Closed condylotomy of mandible
serogroup B	200	461002	Structure of lateral corticospinal tract
serogroup B	200	462009	Urease (ATP-hydrolysing)
serogroup B	200	464005	Basophilic normoblast
serogroup B	200	465006	Structure of ascending frontal gyrus
serogroup B	200	471000	Flexor hallucis longus muscle structure
serogroup B	200	472007	Vegetable textile fiber
serogroup B	200	476005	Lymphocyte antigen CD1b
serogroup B	200	477001	Suggestibility
serogroup B	200	479003	Graves' disease with pretibial myxedema AND with thyrotoxic crisis
serogroup B	200	480000	Cardiopulmonary circulatory system structure
serogroup B	200	482008	Gallbladder contraction
serogroup B	200	484009	Eubacterium oxidoreducens
serogroup B	200	485005	Transverse colon structure
serogroup B	200	488007	Fibroid myocarditis
serogroup B	200	493005	Urobilinogen measurement, 48-hour, feces
serogroup B	200	496002	Closed traumatic dislocation of third cervical vertebra
serogroup B	200	498001	Nitrilase
serogroup B	200	499009	Psilocybe mixaeensis
serogroup B	200	501001	Blood group antibody Sf^a^
serogroup B	200	505005	Blood group antibody M'
serogroup B	200	506006	3-oxosteroid delta^1^-dehydrogenase
serogroup B	200	509004	Salmonella Odozi
serogroup B	200	511008	Fibrous meningioma
serogroup B	200	515004	Blood group antigen Giaigue
serogroup B	200	516003	Order Coleoptera larva
serogroup B	200	517007	Foreign body in hypopharynx
serogroup B	200	519005	Free protein S
orthopoxvirus	6	29724001	Orthopoxvirus
orthopoxvirus	6	122288004	Orthopoxvirus identification
orthopoxvirus	6	708389004	Orthopoxvirus DNA
orthopoxvirus	6	721920006	Orthopoxvirus species, not Variola virus
orthopoxvirus	6	414015000	Disease caused by Orthopoxvirus
orthopoxvirus	6	1163078007	Orthopoxvirus encephalitis
Orthopox	6	29724001	Orthopoxvirus
Orthopox	6	122288004	Orthopoxvirus identification
Orthopox	6	708389004	Orthopoxvirus DNA
Orthopox	6	721920006	Orthopoxvirus species, not Variola virus
Orthopox	6	414015000	Disease caused by Orthopoxvirus
Orthopox	6	1163078007	Orthopoxvirus encephalitis
meningococcal	33	9467007	Meningococcal arthropathy
meningococcal	33	18071005	Meningococcal encephalitis
meningococcal	33	23511006	Meningococcal infectious disease
meningococcal	33	33618002	Meningococcal carditis
meningococcal	33	34845009	Meningococcal endocarditis
meningococcal	33	36102002	Waterhouse-Friderichsen syndrome
meningococcal	33	66704002	Meningococcal pericarditis
meningococcal	33	73431005	Meningococcal optic neuritis
meningococcal	33	91468009	Meningococcal myocarditis
meningococcal	33	94151004	Meningococcal conjunctivitis
meningococcal	33	192644005	Meningococcal meningitis
meningococcal	33	232402006	Meningococcal pharyngitis
meningococcal	33	233608005	Meningococcal pneumonia
meningococcal	33	238425003	Meningococcal rash
meningococcal	33	240427005	Meningococcal eye disease
meningococcal	33	259839009	Neisseria meningitidis polysaccharide group A antibody
meningococcal	33	259840006	Neisseria meningitidis group C polysaccharide antibody
meningococcal	33	315152008	Meningococcal IgG level
meningococcal	33	315153003	Meningococcal IgM level
meningococcal	33	398405003	Meningococcal nucleic acid assay
meningococcal	33	399177007	PCR test for meningococcus
meningococcal	33	707225006	Invasive meningococcal disease
meningococcal	33	772165002	Suspected meningococcemia
meningococcal	33	1354584007	Meningococcal infectious disease caused by Neisseria meningitidis serogroup B
meningococcal	33	23691000175109	Meningococcal vaccination declined
meningococcal	33	1089801000119108	Meningococcal retrobulbar neuritis
meningococcal	33	194906004	Acute meningococcal pericarditis
meningococcal	33	194950003	Acute myocarditis - meningococcal
meningococcal	33	219088009	Adverse reaction to meningococcal vaccine
meningococcal	33	234560004	Anti-meningococcal polysaccharide A antibody deficiency
meningococcal	33	234561000	Anti-meningococcal polysaccharide C antibody deficiency
meningococcal	33	240428000	Postmeningococcal arthritis
meningococcal	33	1251534000	Exposure to invasive meningococcal disease
meningitidis	131	17872004	Neisseria meningitidis
meningitidis	131	23511006	Meningococcal infectious disease
meningitidis	131	41088001	Administration of Meningococcus vaccine
meningitidis	131	82518003	Mammarenavirus choriomeningitidis
meningitidis	131	103479006	Neisseria meningitidis serogroup A
meningitidis	131	103480009	Neisseria meningitidis serogroup B
meningitidis	131	103481008	Neisseria meningitidis serogroup C
meningitidis	131	103482001	Neisseria meningitidis serogroup Y
meningitidis	131	103483006	Neisseria meningitidis serogroup W
meningitidis	131	104292001	Measurement of Neisseria meningitidis antibody
meningitidis	131	117832007	Neisseria meningitidis A AND Y antigen assay
meningitidis	131	117833002	Measurement of Neisseria meningitidis serogroup B antibody
meningitidis	131	117834008	Measurement of Neisseria meningitidis polyvalent antibody
meningitidis	131	117835009	Neisseria meningitidis polyvalent antigen assay
meningitidis	131	120871008	Neisseria meningitidis antibody
meningitidis	131	120877007	Neisseria meningitidis group A antibody
meningitidis	131	120906003	Neisseria meningitidis group Y antibody
meningitidis	131	120970008	Neisseria meningitidis group C antibody
meningitidis	131	120981006	Neisseria meningitidis W135 antigen
meningitidis	131	120982004	Neisseria meningitidis serogroup Y antigen
meningitidis	131	120983009	Neisseria meningitidis serogroup C antigen
meningitidis	131	121077002	Neisseria meningitidis antigen
meningitidis	131	121079004	Neisseria meningitidis serogroup A antigen
meningitidis	131	121080001	Neisseria meningitidis serogroup B antigen
meningitidis	131	121173001	Neisseria meningitidis rRNA
meningitidis	131	122054004	Measurement of Neisseria meningitidis serogroup A antibody
meningitidis	131	122055003	Neisseria meningitidis antigen assay
meningitidis	131	122056002	Measurement of Neisseria meningitidis serogroup C antibody
meningitidis	131	122057006	Measurement of Neisseria meningitidis serogroup Y antibody
meningitidis	131	122058001	Neisseria meningitidis Y antigen assay
meningitidis	131	122356009	Neisseria meningitidis A antigen assay
meningitidis	131	122357000	Neisseria meningitidis B antigen assay
meningitidis	131	122358005	Neisseria meningitidis C antigen assay
meningitidis	131	122359002	Neisseria meningitidis W135 antigen assay
meningitidis	131	122387006	Neisseria meningitidis culture
meningitidis	131	122414006	Neisseria meningitidis rRNA assay
meningitidis	131	125041003	Neisseria meningitidis serogroup X
meningitidis	131	125042005	Neisseria meningitidis serogroup Z
meningitidis	131	219088009	Adverse reaction to meningococcal vaccine
meningitidis	131	259839009	Neisseria meningitidis polysaccharide group A antibody
meningitidis	131	259840006	Neisseria meningitidis group C polysaccharide antibody
meningitidis	131	314414007	Administration of first dose of meningitis C vaccine
meningitidis	131	314415008	Administration of second dose of meningitis C vaccine
meningitidis	131	314416009	Administration of third dose of meningitis C vaccine
meningitidis	131	314417000	Administration of meningitis A and C vaccine
meningitidis	131	314450000	Administration of single dose of meningitis C vaccine
meningitidis	131	409883005	Neisseria meningitidis group B antibody
meningitidis	131	409884004	Neisseria meningitidis polyvalent antibody
meningitidis	131	414810006	Neisseria meningitidis non-groupable
meningitidis	131	428975001	Administration of Haemophilus influenzae type b and meningitis C vaccine
meningitidis	131	444357006	Exposure to Neisseria meningitidis
meningitidis	131	698162001	Neisseria meningitidis serogroup E
meningitidis	131	700358002	Administration of booster dose of meningitis C vaccine
meningitidis	131	708385005	Neisseria meningitidis DNA
meningitidis	131	709393004	Neisseria meningitidis D Ag
meningitidis	131	709394005	Neisseria meningitidis X Ag
meningitidis	131	709395006	Neisseria meningitidis Z Ag
meningitidis	131	709813009	Neisseria meningitidis w135 antibody
meningitidis	131	710481008	Neisseria meningitidis A IgG
meningitidis	131	710482001	Neisseria meningitidis C IgG
meningitidis	131	710484000	Neisseria meningitidis Y IgG
meningitidis	131	712833000	Administration of second dose of Haemophilus influenzae type b and meningitis C vaccine
meningitidis	131	712834006	Administration of first dose of Haemophilus influenzae type b and meningitis C vaccine
meningitidis	131	715869002	Neisseria species, not Neisseria meningitidis
meningitidis	131	715872009	Neisseria species, not Neisseria gonorrhoeae and not Neisseria meningitidis
meningitidis	131	715978009	Neisseria meningitidis conjugated antigen
meningitidis	131	715979001	Neisseria meningitidis capsular polysaccharide antigen
meningitidis	131	716265005	Neisseria meningitidis serogroup A conjugated antigen
meningitidis	131	716266006	Neisseria meningitidis serogroup C conjugated antigen
meningitidis	131	716267002	Neisseria meningitidis serogroup Y conjugated antigen
meningitidis	131	716268007	Neisseria meningitidis serogroup W135 conjugated antigen
meningitidis	131	716269004	Neisseria meningitidis serogroup A capsular polysaccharide antigen
meningitidis	131	716270003	Neisseria meningitidis serogroup C capsular polysaccharide antigen
meningitidis	131	716271004	Neisseria meningitidis serogroup Y capsular polysaccharide antigen
meningitidis	131	716272006	Neisseria meningitidis serogroup W135 capsular polysaccharide antigen
meningitidis	131	717208003	Neisseria meningitidis serogroup B or Escherichia coli K1
meningitidis	131	717209006	Neisseria meningitidis serogroup Y or Neisseria meningitidis serogroup W135
meningitidis	131	719596001	Administration of meningitis C vaccine
meningitidis	131	720335006	Neisseria meningitidis w135 IgG
meningitidis	131	720537002	Administration of meningitis B vaccine
meningitidis	131	720539004	Administration of first dose of meningitis B vaccine
meningitidis	131	720540002	Administration of second dose of meningitis B vaccine
meningitidis	131	720544006	Administration of booster dose of meningitis B vaccine
meningitidis	131	722355003	Neisseria meningitidis, beta lactamase negative
meningitidis	131	722356002	Neisseria meningitidis, beta lactamase positive
meningitidis	131	771325005	Neisseria meningitidis E Ag
meningitidis	131	783621008	Immunodeficiency with factor I anomaly
meningitidis	131	836401009	Neisseria meningitidis antigen-containing vaccine product
meningitidis	131	836500008	Haemophilus influenzae type b and Neisseria meningitidis serogroup C antigens only vaccine product
meningitidis	131	860695004	Allergy to meningococcus vaccine
meningitidis	131	860805006	Encephalomyelitis caused by Neisseria meningitidis
meningitidis	131	871823008	Neisseria meningitidis serogroup C capsular polysaccharide antigen conjugated
meningitidis	131	871834006	Neisseria meningitidis serogroup A capsular polysaccharide antigen conjugated
meningitidis	131	871835007	Neisseria meningitidis serogroup W135 capsular polysaccharide antigen conjugated
meningitidis	131	871836008	Neisseria meningitidis serogroup Y capsular polysaccharide antigen conjugated
meningitidis	131	871866001	Neisseria meningitidis serogroup C only vaccine product
meningitidis	131	871871008	Neisseria meningitidis serogroup A and C only vaccine product
meningitidis	131	871873006	Neisseria meningitidis serogroup A, C, W135 and Y only vaccine product
meningitidis	131	871874000	Administration of meningitis A, C, W135 and Y vaccine
meningitidis	131	871912008	Neisseria meningitidis serogroup C capsular oligosaccharide antigen conjugated
meningitidis	131	871913003	Neisseria meningitidis serogroup A capsular oligosaccharide antigen conjugated
meningitidis	131	871914009	Neisseria meningitidis serogroup Y capsular oligosaccharide antigen conjugated
meningitidis	131	871915005	Neisseria meningitidis serogroup W135 capsular oligosaccharide antigen conjugated
meningitidis	131	871916006	Neisseria meningitidis serogroup A, C, W135 and Y capsular oligosaccharide conjugated antigens only vaccine product
meningitidis	131	1119351006	Haemophilus influenzae type b and Neisseria meningitidis serogroup C and Y antigens only vaccine product
meningitidis	131	1119364007	Administration of Haemophilus influenzae type b and meningitis C and Y vaccine
meningitidis	131	1237023008	At increased risk of exposure to Neisseria meningitidis
meningitidis	131	1252690003	Neisseria meningitidis serogroup A antigen only vaccine product
meningitidis	131	1354584007	Meningococcal infectious disease caused by Neisseria meningitidis serogroup B
meningitidis	131	921000221108	Neisseria meningitidis antigen only vaccine product
meningitidis	131	951000221102	Neisseria meningitidis serogroup C capsular polysaccharide conjugated antigen only vaccine product
meningitidis	131	1061000221102	Neisseria meningitidis capsular polysaccharide antigen-only vaccine product
meningitidis	131	1971000221105	Neisseria meningitidis serogroup A, C, W135 and Y capsular polysaccharide conjugated antigens only vaccine product
meningitidis	131	1981000221108	Neisseria meningitidis serogroup B antigen only vaccine product
meningitidis	131	24491000087103	Neisseria meningitidis serogroup C C11 strain capsular polysaccharide unconjugated antigen
meningitidis	131	24671000087100	Neisseria meningitidis serogroup B outer membrane vesicle antigen
meningitidis	131	24701000087101	Haemophilus influenzae type b capsular polysaccharide polyribosylribitol phosphate antigen conjugated to Neisseria meningitidis serogroup B outer membrane protein
meningitidis	131	24731000087109	Neisseria meningitidis serogroup B recombinant NHBA protein antigen
meningitidis	131	24741000087103	Neisseria meningitidis serogroup B recombinant NadA protein antigen
meningitidis	131	24751000087100	Neisseria meningitidis serogroup B recombinant fHbp protein antigen
meningitidis	131	25591000087103	Neisseria meningitidis serogroup A capsular polysaccharide antigen conjugated to Corynebacterium diphtheriae toxoid protein
meningitidis	131	25601000087106	Neisseria meningitidis serogroup C capsular polysaccharide antigen conjugated to Corynebacterium diphtheriae toxoid protein
meningitidis	131	25611000087108	Neisseria meningitidis serogroup W135 capsular polysaccharide antigen conjugated to Corynebacterium diphtheriae toxoid protein
meningitidis	131	25621000087100	Neisseria meningitidis serogroup Y capsular polysaccharide antigen conjugated to Corynebacterium diphtheriae toxoid protein
meningitidis	131	25631000087103	Neisseria meningitidis serogroup A capsular oligosaccharide antigen conjugated to Corynebacterium diphtheriae CRM197 protein
meningitidis	131	25641000087109	Neisseria meningitidis serogroup C capsular oligosaccharide antigen conjugated to Corynebacterium diphtheriae CRM197 protein
meningitidis	131	25651000087107	Neisseria meningitidis serogroup W135 capsular oligosaccharide antigen conjugated to Corynebacterium diphtheriae CRM197 protein
meningitidis	131	25661000087105	Neisseria meningitidis serogroup Y capsular oligosaccharide antigen conjugated to Corynebacterium diphtheriae CRM197 protein
meningitidis	131	52821000087108	Neisseria meningitidis serogroup A capsular polysaccharide conjugated antigen only vaccine product
meningitidis	131	571641000119102	Administration of meningitis polysaccharide vaccine
meningitidis	131	16298691000119102	Administration of meningococcus A, C, W135 and Y capsular oligosaccharide conjugated vaccine
